學校代碼,學校名稱,lat,lng,TWD97_X,TWD97_Y
10301,國立華僑中學,25.0075,121.4477778,295196.2426,2766682.938
11301,私立淡江高中附設國中部,25.1762507,121.437164,294064.4492,2785371.155
11302,私立康橋實驗高中附設國中部,25.079564,121.395793,289925.7823,2774648.717
11306,私立金陵女中附設國中部,25.04299,121.466942,297117.047,2770620.5
11307,私立裕德實驗高中附設國中部,24.9830118,121.4394801,294367.4987,2763967.789
11309,私立南山高中附設國中部,25.0016594,121.5036507,300838.2402,2766055.801
11310,私立恆毅高中附設國中部,25.0366541,121.4537324,295786.4588,2769914.173
11311,私立聖心女中附設國中部,25.13562,121.449122,295284.7817,2780874.608
11312,私立崇義高中附設國中部,25.079564,121.395793,289925.7823,2774648.717
11314,私立中華高中附設國中部,24.975578,121.4374135,294161.5181,2763143.72
11316,私立格致高中附設國中部,25.0738323,121.4886747,299297.6898,2774044.497
11317,私立醒吾高中附設國中部,25.079564,121.395793,289925.7823,2774648.717
11318,私立徐匯高中附設國中部,25.080107,121.480124,298432.6103,2774736.426
11322,私立崇光高中附設國中部,24.9718753,121.538946,304414.1038,2762770.472
11323,私立光仁高中附設國中部,25.0183052,121.4764718,298088.2916,2767889.645
11324,私立竹林高中附設國中部,24.9799565,121.5057743,301061.5642,2763652.688
11325,私立及人高中附設國中部,24.966799,121.51489,301987.4053,2762198.769
11329,私立辭修高中附設國中部,24.932696,121.407931,291199.1815,2758384.712
11330,私立林口康橋高中附設國中部,25.0741868,121.389928,289335.8601,2774051.394
11399,私立時雨高中附設國中部,25.1095045,121.8552909,336258.4488,2778179.787
14302,市立海山高中附設國中部,25.0096689,121.4712073,297560.2866,2766931.192
14311,市立三重高中附設國中部,25.054741,121.4914967,299590.0637,2771930.874
14315,市立永平高中附設國中部,25.0105828,121.5083843,301312.3481,2767045.982
14322,市立樹林高中附設國中部,24.9829633,121.4223883,292642.0005,2763956.936
14326,市立明德高中附設國中部,24.9038379,121.365725,286945.1235,2755176.197
14332,市立秀峰高中附設國中部,25.0657829,121.6608704,316673.6479,2773226.738
14338,市立金山高中附設國中部,25.224676,121.637008,314183.0117,2790815.517
14343,市立安康高中附設國中部,24.9694528,121.5153,302027.687,2762492.872
14347,市立雙溪高中附設國中部,25.0349452,121.8632655,337115.4837,2769925.898
14348,市立石碇高中附設國中部,25.0141303,121.6429468,314892.5037,2767496.622
14353,市立丹鳳高中附設國中部,25.021049,121.416544,292039.0229,2768173.626
14356,市立清水高中附設國中部,24.9823337,121.4654721,296991.8024,2763901.432
14357,市立三民高中附設國中部,25.0868693,121.4737065,297782.6086,2775483.172
14362,市立錦和高中附設國中部,24.992544,121.491084,299573.4007,2765041.485
14363,市立光復高中附設國中部,25.0167462,121.4822165,298668.7034,2767719.015
14364,市立竹圍高中附設國中部,25.1459534,121.461587,296537.722,2782023.442
14381,市立北大高中附設國中部,24.948248,121.3764596,288015.9092,2760098.118
14399,市立豐珠中學附設國中,25.0656443,121.9018436,340986.0881,2773351.86
14468,市立樟樹國際實創高中附設國中部,25.0659397,121.6398933,314557.1781,2773233.928
14501,市立板橋國中,25.0250509,121.4531667,295733.6739,2768628.759
14503,市立重慶國中,25.0759168,121.5180299,302258.2195,2774286.414
14504,市立江翠國中,25.0288652,121.4684587,297275.5061,2769056.499
14505,市立中山國中,25.0606103,121.5455307,305039.359,2772601.887
14506,市立新埔國中,25.0248193,121.4597107,296394.1919,2768605.331
14507,市立新莊國中,25.0358171,121.4519927,295611.2116,2769820.875
14508,市立新泰國中,25.0425875,121.444305,294832.9637,2770568.228
14509,市立福營國中,25.0252883,121.4226136,292650.1294,2768645.085
14510,市立頭前國中,25.0545816,121.4589197,296303.1868,2771901.673
14512,市立光榮國中,25.0704534,121.4999178,300433.3003,2773674.378
14513,市立明志國中,25.0634787,121.4890227,299336.9442,2772897.803
14514,市立碧華國中,25.0824108,121.4949227,299924.5215,2774996.993
14516,市立永和國中,25.0064786,121.5236378,302853.7013,2766597.243
14517,市立福和國中,25.0040606,121.5209434,302582.7649,2766328.366
44531,縣立北平華德福實驗學校(國中),24.8524659,121.0863555,258727.1058,2749439.346
114539,市立後壁國中,23.354092,120.359707,184533.6198,2583638.663
114540,市立菁寮國中,23.3684606,120.33256,181765.2563,2585242.445
114543,市立大橋國中,23.0216463,120.2315349,171233.8042,2546886.669
114544,市立沙崙國中,22.9296124,120.2819192,176348.4325,2536668.754
121302,私立光禾華德福實驗學校(國中部),22.6080409,120.4270968,191101.4884,2500994.614
121307,私立普門高中附設國中部,22.716617,120.446001,193089.8104,2513010.105
121318,私立正義高中附設國中部,22.6025542,120.3397998,182123.7836,2500424.186
121320,私立義大國際高中附設國中部,22.7283202,120.4055464,188939.1567,2514322.124
123501,市立巴楠花部落國中(小),22.9648377,120.5395018,202780.7033,2540463.546
124302,市立文山高中附設國中部,22.6484436,120.3535462,183559.1727,2505499.45
124311,市立林園高中附設國中部,22.5137204,120.3945114,187709.0446,2490563.633
124313,市立仁武高中附設國中部,22.7022904,120.3554411,183779.7916,2511461.244
124322,市立路竹高中附設國中部,22.8552779,120.2523546,173274.168,2528452.208
124333,市立六龜高中附設國中部,22.993343,120.635442,212626.3181,2543592.421
124340,市立福誠高中附設國中部,22.5903287,120.3241829,180511.9976,2499077.617
124501,市立鳳山國中,22.624954,120.3721174,185456.9556,2502890.212
124503,市立鳳西國中,22.624954,120.3721174,185456.9556,2502890.212
124504,市立五甲國中,22.5981673,120.328659,180976.1561,2499943.528
124505,市立鳳甲國中,22.616882,120.3425688,182415.4768,2502009.484
124506,市立忠孝國中,25.051247,121.5082165,301278.5069,2771550.092
124507,市立大寮國中,22.6034583,120.3928667,187580.2336,2500501.106
124508,市立潮寮國中,22.5644496,120.4247143,190837.9298,2496168.643
124509,市立大樹國中,22.6577132,120.4230721,190709.0247,2506496.514
124510,市立溪埔國中,22.7190601,120.4435042,192834.3328,2513281.596
124512,市立鳥松國中,22.6663324,120.3720353,185467.8523,2507472.19
124514,市立大社國中,22.7306201,120.3567142,183924.1923,2514597.735
124515,市立岡山國中,22.790828,120.3031924,178457.829,2521289.724
124516,市立前峰國中,22.7889384,120.2879124,176887.9472,2521087.95
124517,市立永安國中,22.8233569,120.2403399,172022.9371,2524923.655
124518,市立橋頭國中,22.7590798,120.307403,178873.6997,2517772.04
124519,市立梓官國中,22.7624247,120.2634947,174366.2057,2518164.198
124520,市立燕巢國中,22.785835,120.3625064,184545.4794,2520709.355
124521,市立阿蓮國中,22.8850916,120.3258285,180829.6578,2531717.333
124523,市立湖內國中,22.907885,120.22751,170754.9684,2534290.97
124524,市立茄萣國中,22.9070887,120.1810957,165992.8971,2534228.53
124525,市立田寮國中,22.863157,120.3601662,184342.2851,2529272.671
124526,市立彌陀國中,22.7763249,120.2465854,172637.5065,2519712.194
124527,市立旗山國中,22.8814503,120.4810926,196758.7658,2531249.612
124528,市立圓富國中,22.9284154,120.5010606,198825.1978,2536443.195
124529,市立大洲國中,22.835638,120.460497,194627.0049,2526184.203
124530,市立美濃國中,22.8945406,120.5431778,203133.4634,2532678.06
124531,市立南隆國中,22.866394,120.5345598,202239.4631,2529564.048
124532,市立龍肚國中,22.8790179,120.5707985,205962.171,2530950.652
124534,市立寶來國中,23.1094321,120.7036045,219640.2747,2556431.767
124535,市立杉林國中,22.9687263,120.541032,202938.9576,2540893.659
124536,市立內門國中,22.9222431,120.4537867,193973.8109,2535776.932
124537,市立甲仙國中,23.0810133,120.5919626,208195.9121,2553312.368
124538,市立中芸國中,22.4858765,120.3953694,187784.8642,2487480.11
124539,市立中庄國中,22.6364684,120.401749,188508.1323,2504152.686
124541,市立蚵寮國中,22.7285495,120.2585692,173841.6031,2514415.521
124542,市立那瑪夏國中,23.239841,120.697256,219020.0239,2570874.121
50314,國立卓蘭高中附設國中部,24.312708,120.831961,232944.9925,2689665.648
51302,私立君毅高中附設國中部,24.7010062,120.8830877,238170.4694,2732666.177
51306,私立建台高中附設國中部,24.5602456,120.8149378,231253.8626,2717083.588
51307,私立全人實驗高中附設國中部,24.3058986,120.8622756,236021.011,2688908.114
54308,縣立三義高中附設國中部,24.4090224,120.7655713,226224.7951,2700342.5
54309,縣立苑裡高中附設國中部,24.438008,120.663488,215879.4772,2703574.105
54317,縣立興華高中附設國中部,24.6858788,120.9363403,243557.9486,2730987.158
54333,縣立大同高中附設國中部,22.678426,120.477654,196326.59,2508769.345
54501,縣立苗栗國中,24.5542379,120.8124939,231005.3988,2716418.536
54502,縣立大倫國中,24.569831,120.830963,232878.4633,2718143.14
54503,縣立明仁國中,24.5576,120.811701,230925.5854,2716791.017
54504,縣立頭屋國中,24.5782239,120.8490437,234710.8552,2719070.576
54505,縣立公館國中,24.498079,120.8278956,232557.8578,2710196.614
54506,縣立鶴岡國中,24.5285794,120.8308554,232861.9608,2713574.314
54507,縣立文林國中,24.489767,120.789545,228669.7543,2709281.401
54510,縣立致民國中,24.4185187,120.6860649,218163.7791,2701410.202
54511,縣立通霄國中,24.4919877,120.67998,217565.5191,2709548.665
54512,縣立南和國中,24.446906,120.72119,221732.1705,2704546.6
54513,縣立烏眉國中,24.5062915,120.7157749,221196.6628,2711124.957
54514,縣立啟新國中,24.561079,120.713353,220963.832,2717193.499
54515,縣立西湖國中,24.556177,120.75774,225459.1186,2716641.947
54516,縣立頭份國中,24.6914555,120.9012055,240002.921,2731606.924
54518,縣立文英國中,24.6562278,120.880795,237934.1789,2727706.846
54519,縣立竹南國中,24.6848113,120.8760679,237458.5639,2730873.095
54520,縣立照南國中,24.694254,120.877365,237590.7604,2731918.826
54521,縣立三灣國中,24.6495538,120.9536484,245308.0859,2726963.211
54522,縣立南庄國中,24.6004361,120.9994667,249945.9959,2721522.327
54523,縣立造橋國中,24.6394481,120.8636532,236197.2551,2725849.994
54524,縣立大西國中,24.624427,120.894748,239343.7923,2724183.543
54525,縣立後龍國中,24.6166004,120.7845603,228186.4875,2723329.703
54526,縣立維真國中,24.6121331,120.7945869,229200.9562,2722833.368
54527,縣立大湖國中,24.4263934,120.8707982,236898.469,2702252.403
54528,縣立南湖國中,24.397253,120.867304,236541.0549,2699025.342
54529,縣立獅潭國中,24.5445053,120.9228644,242185.4724,2715329.869
54531,縣立泰安國中(小),24.422212,120.910496,240923.6734,2701786.122
54532,縣立建國國中,24.9826898,121.3157472,281876.0893,2763897.352
54534,縣立福興武術國中(小),24.425383,120.727704,222387.925,2702161.521
54535,縣立新港國中(小),23.5559483,120.3449036,183121.7472,2605999.885
60323,國立中科實中附設國中部,24.2303236,120.6260535,212021.9242,2680582.053
61301,私立常春藤高中附設國中部,24.195178,120.7178368,221335.6499,2676667.734
61310,私立大明高中附設國中部,24.116227,120.685708,218052.1059,2667930.833
61313,私立明道高中附設國中部,24.1068736,120.6361535,213012.1436,2666907.122
61314,私立僑泰中學附設國中部,24.1117897,120.6669624,216145.4279,2667443.8
61315,私立華盛頓高中附設國中部,24.1581869,120.74518,224105.9373,2672565.619
61317,私立弘文高中附設國中部,24.2261308,120.704606,219998.8017,2680098.57
61318,私立立人高中附設國中部,24.1057001,120.691521,218640.4391,2666763.669
61322,私立華德福大地實驗教育學校國中部,24.1020885,120.6276741,212148.7314,2666379.433
64521,市立溪南國中,24.0721933,120.6442611,213826.6184,2663064.169
64522,市立霧峰國中,24.0673817,120.6888231,218356.7661,2662520.531
64523,市立光復國中(小),24.0439315,120.6892654,218396.002,2659923.344
64525,市立太平國中,24.1482037,120.7345688,223025.5573,2671461.981
64526,市立中平國中,25.0535488,121.4438365,294781.7067,2771782.197
64527,市立石岡國中,24.266841,120.79648,229336.4401,2684590.602
64529,市立東勢國中,24.250894,120.832342,232975.424,2682819.605
14518,市立中和國中,24.9861361,121.5084083,301324.9247,2764338.162
14519,市立積穗國中,25.0003078,121.479696,298420.7575,2765897.321
14520,市立漳和國中,25.0026261,121.5055406,301028.6096,2766163.587
14521,市立鶯歌國中,24.9504628,121.3448645,284824.7015,2760334.963
14523,市立柑園國中,24.954675,121.384178,288793.328,2760812.172
14524,市立土城國中,24.9628096,121.4295471,293371.7879,2761726.912
14525,市立三峽國中,24.939053,121.369127,287278.2039,2759077.625
14527,市立八里國中,25.1398858,121.400741,290405.0877,2781331.744
14528,市立泰山國中,25.0639896,121.4246015,292837.3022,2772932.44
14529,市立五股國中,25.082292,121.436015,293982.2666,2774963.369
14530,市立蘆洲國中,25.0869126,121.4665559,297061.3032,2775485.459
14531,市立林口國中,25.0762471,121.3775622,288087.7514,2774276.061
14533,市立汐止國中,25.0669566,121.6583371,316417.429,2773355.5
14534,市立淡水國中,25.1749602,121.4366735,294015.4716,2785228.05
14536,市立三芝國中,25.259347,121.5018147,300546.7435,2794598.265
14537,市立石門實驗國中,25.2908277,121.5671383,307112.0446,2798111.556
14539,市立萬里國中,25.177796,121.694629,320015.7134,2785651.372
14540,市立坪林實驗國中,24.9350844,121.7107613,321783.0867,2758775.141
14541,市立文山國中,24.956705,121.538935,304419.6642,2761090.137
14542,市立五峰國中,24.9667222,121.5441602,304942.8486,2762201.791
14544,市立瑞芳國中,25.1079407,121.8149887,332194.7252,2777981.42
14545,市立欽賢國中,25.105223,121.845903,335314.5798,2777699.555
14546,市立貢寮國中,25.0656443,121.9018436,340986.0881,2773351.86
14549,市立深坑國中,25.00168,121.618296,312410.7307,2766105.971
14550,市立平溪國中,25.0239799,121.7334114,324017.4755,2768634.018
14551,市立烏來國中(小),24.8636951,121.5538264,305965.3174,2750794.054
14552,市立溪崑國中,24.996868,121.431494,293556.3729,2765499.965
14554,市立自強國中,24.9987911,121.4724939,297694.3486,2765726.772
14555,市立中正國中,25.0323588,121.5219754,302674.8577,2769463.218
14558,市立義學國中,25.0517424,121.431268,293514.2066,2771578.011
14559,市立中平國中,25.0535488,121.4438365,294781.7067,2771782.197
14560,市立鳳鳴國中,24.967511,121.331827,283503.5396,2762219.983
14561,市立三和國中,25.0763471,121.4867892,299106.4739,2774322.364
14565,市立尖山國中,24.9436969,121.3421559,284553.0704,2759584.864
14566,市立正德國中,25.1787337,121.4470473,295059.7478,2785649.459
14567,市立安溪國中,24.9266425,121.3728213,287655.066,2757704.028
14569,市立育林國中,24.98532,121.415128,291908.2333,2764215.709
14570,市立青山國中(小),25.0611597,121.65666,316251.3449,2772712.569
14571,市立崇林國中,25.0684112,121.3701667,287344.077,2773406.059
14572,市立二重國中,25.0658422,121.4800173,298427.4566,2773156.342
14573,市立大觀國中,25.0111472,121.4487222,295290.2289,2767087.232
14574,市立三多國中,25.0063705,121.4146724,291855.1081,2766547.198
14575,市立忠孝國中,25.051247,121.5082165,301278.5069,2771550.092
14576,市立鷺江國中,25.0903474,121.4620767,296608.1807,2775864.363
14577,市立桃子腳國中(小),24.948918,121.382898,288665.8733,2760174.146
14579,市立佳林國中,25.0813656,121.3845099,288787.0161,2774844.985
14580,市立達觀國中(小),24.9536053,121.5000233,300491.7015,2760731.771
21301,私立慧燈高中附設國中部,24.777028,121.7155386,322357.4919,2741270.509
21310,私立中道高中附設國中部,24.7597787,121.7937987,330282.8021,2739403.574
24322,縣立南澳高中附設國中部,24.465902,121.801868,331288.6894,2706857.606
24325,縣立慈心華德福教育實驗高中附設國中,24.6268113,121.795708,330561.3658,2724676.66
24501,縣立宜蘭國中,24.7619679,121.7585067,326711.974,2739625.807
24502,縣立中華國中,24.7492271,121.7675113,327630.6109,2738219.657
24503,縣立復興國中,24.7490995,121.7468602,325541.8358,2738193.966
24504,縣立羅東國中,24.6718092,121.7674792,327675.384,2729644.52
24505,縣立東光國中,24.6718092,121.7674792,327675.384,2729644.52
24506,縣立國華國中,24.6778835,121.7615085,327067.3419,2730313.965
24507,縣立頭城國中,24.864216,121.8213207,332996.8378,2750988.155
24508,縣立蘇澳國中,24.595725,121.835978,334659.6069,2721257.617
24509,縣立文化國中,24.618119,121.833191,334362.3335,2723736.348
24510,縣立南安國中,24.5760282,121.8690009,338017.7744,2719096.632
24511,縣立三星國中,24.6677268,121.6539348,316185.529,2729132.841
24512,縣立礁溪國中,24.8171752,121.7673427,327571.3019,2745745.838
24513,縣立吳沙國中,24.785434,121.759985,326847.0405,2742225.856
24514,縣立冬山國中,24.6318151,121.7912871,330110.5635,2725228.313
24515,縣立順安國中,24.6547852,121.765753,327511.1879,2727757.91
24516,縣立五結國中,24.69717,121.80033,330983.9139,2732472.579
24517,縣立興中國中,24.698913,121.7708718,328001.8875,2732648.562
24518,縣立利澤國中,24.6658633,121.828673,333872.9627,2729021.939
24519,縣立員山國中,24.7503023,121.714608,322278.8497,2738309.773
24520,縣立內城國中(小),24.7188831,121.6875013,319554.5345,2734815.64
24521,縣立壯圍國中,24.7487231,121.7884569,329749.5801,2738175.876
24523,縣立大同國中,22.678426,120.477654,196326.59,2508769.345
24524,縣立凱旋國中,24.7260003,121.7573169,326613.6805,2735641.213
24526,縣立人文國中(小),24.8599032,121.8197845,332844.4674,2750509.504
31301,私立桃園市漢英高中附設國中部,24.8481652,121.2453306,274794.0647,2748982.544
31310,私立六和高中附設國中部,24.9453453,121.1858942,268772.4731,2759736.776
31311,私立復旦高中附設國中部,24.948372,121.203082,270507.6816,2760074.503
31312,私立治平高中附設國中部,24.9158677,121.1886835,269058.6827,2756472.191
31313,私立振聲高中附設國中部,24.9905152,121.3022615,280512.7078,2764761.013
31319,私立清華高中附設國中部,24.9816339,121.1083826,260941.7691,2763747.674
31320,私立新興高中附設國中部,24.975174,121.271855,277446.6205,2763055.288
31326,私立大華高中附設國中部,24.882732,121.1744393,267624.5954,2752800.139
31502,私立有得國中(小),24.98035,121.251597,275400.2905,2763624.649
31503,私立康萊爾國中(小),24.999609,121.2966179,279940.7908,2765767.009
34332,市立觀音高中附設國中部,25.0147432,121.1327739,263400.6049,2767417.114
34335,市立新屋高中附設國中部,24.970544,121.1017254,260270.6116,2762518.819
34347,市立永豐高中附設國中部,24.9749709,121.2701299,277272.4974,2763032.445
34348,市立羅浮高中附設國中,24.9936281,121.3009798,280382.5567,2765105.518
34501,市立桃園國中,24.995649,121.304931,280780.9116,2765330.25
34502,市立青溪國中,24.997168,121.319889,282290.4428,2765501.978
34503,市立文昌國中,25.0103959,121.307982,281085.1822,2766964.355
34504,市立建國國中,24.9788939,121.3062558,280918.8332,2763474.712
34505,市立中興國中,24.9963811,121.2908267,279356.9871,2765408.211
34506,市立南崁國中,25.0547524,121.298237,280090.7747,2771875.226
34507,市立山腳國中,25.088127,121.278728,278114.7733,2775567.724
34508,市立大竹國中,25.0229601,121.2584651,276084.6728,2768345.556
64532,市立成功國中,24.0940491,120.6992732,219425.7568,2665471.614
124545,市立大灣國中,22.6764708,120.3421251,182399.0367,2508608.143
124546,市立嘉興國中,22.8156734,120.3121654,179391.9319,2524036.687
124547,市立茂林國中,22.8849452,120.6639377,215520.2184,2531582.185
124548,市立桃源國中,25.1347115,121.477338,298130.1863,2780783.747
124549,市立中崙國中,25.0487115,121.5611909,306624.8377,2771290.367
124550,市立鳳翔國中,22.5971332,120.3480765,182972.1254,2499820.16
131302,私立崇華高中附設國中,22.6805486,120.5471813,203471.6636,2508980.941
131308,私立陸興高中附設國中部,22.674615,120.5005095,198673.7205,2508339.273
131311,私立美和高中附設國中部,22.6006765,120.5600266,204765.4269,2500132.717
131501,私立南榮國中(代用),22.5133707,120.5182968,200443.8529,2490478.645
134304,縣立大同高中附設國中部,22.678426,120.477654,196326.59,2508769.345
134321,縣立枋寮高中附設國中部,22.3706155,120.5903571,207814.15,2474649.677
134324,縣立東港高中附設國中部,22.4648761,120.4553517,193948.5978,2485131.075
134334,縣立來義中學附設國中部,22.52572,120.6296972,211907.8997,2491813.43
134501,縣立明正國中,22.6795669,120.4976171,198378.3537,2508888.606
134502,縣立中正國中,22.6720999,120.5086289,199507.1418,2508057.991
134503,縣立公正國中,22.6407893,120.4842587,196990.813,2504599.411
134505,縣立鶴聲國中,22.6588033,120.4723409,195772.9218,2506598.42
134506,縣立至正國中,22.6911414,120.4936102,197970.9916,2510171.666
134507,縣立長治國中,22.6935377,120.5442428,203174.1331,2510420.161
134508,縣立麟洛國中,22.6407066,120.5360571,202314.8412,2504572.731
134509,縣立九如國中,22.717214,120.486393,197239.4359,2513061.283
134510,縣立里港國中,22.7709889,120.4962283,198270.0333,2519012.442
134511,縣立鹽埔國中,22.7531256,120.574506,206302.4356,2517009.177
134512,縣立高樹國中,22.816889,120.603629,209312.2736,2524061.517
134513,縣立高泰國中,22.7920273,120.6121605,210180.824,2521306.207
134514,縣立內埔國中,22.6109593,120.5702291,205817.6641,2501268.269
134515,縣立崇文國中,22.6786086,120.6012856,209030.517,2508750.194
134516,縣立竹田國中,22.6166543,120.5237999,201046.4796,2501913.387
134517,縣立潮州國中,22.553934,120.542915,202990.269,2494962.233
134518,縣立光春國中,22.534405,120.540685,202754.2708,2492800.507
134519,縣立萬巒國中,22.571429,120.574788,206273.8659,2496889.757
134520,縣立新埤國中,22.483995,120.565311,205271.1558,2487211.115
134522,縣立萬丹國中,22.596841,120.4884536,197405.2729,2499731.493
134523,縣立新園國中,22.5452661,120.4613993,194603.0176,2494030.376
134525,縣立林邊國中,22.4328734,120.5100836,199569.7557,2481568.042
134526,縣立南州國中,22.4875174,120.5045682,199021.9988,2487620.548
134527,縣立佳冬國中,22.4288311,120.5667866,205405.3532,2481102.505
134528,縣立琉球國中,22.3362422,120.3684322,184943.3748,2470922.601
134530,縣立車城國中,22.0726638,120.7163793,220730.5015,2441629.634
134531,縣立恆春國中,22.0015314,120.7479462,223975.2042,2433748.098
134532,縣立滿州國中,22.0238789,120.8396558,233446.9265,2436209.64
134533,縣立瑪家國中,22.7023221,120.6094961,209881.0914,2511373.76
134535,縣立泰武國中,22.591822,120.6328161,212246.7312,2499132.009
134536,縣立牡丹國中,22.1288301,120.775646,226855.9793,2447838.244
134537,縣立獅子國中,22.2049857,120.7006841,219139.5987,2456283.698
134538,縣立東新國中,22.4737156,120.464926,194937.4321,2486106.317
134542,縣立萬新國中,22.5621638,120.492264,197783.9815,2495890.342
134543,縣立大路關國中(小),22.7391341,120.6204884,211020.8395,2515447.052
140301,國立臺東大學附屬體育高級中學,22.7644294,121.075238,257726.1398,2518200.051
141301,私立均一高中附設國中部,22.7703313,121.1261014,262948.7165,2518857.118
141307,私立育仁高中附設國中部,22.77419,121.092785,259527.3532,2519281.862
124543,市立青年國中,22.6307783,120.3493223,183116.4866,2503545.211
124544,市立一甲國中,22.8683765,120.2723655,175334.9882,2529892.442
144502,縣立東海國中,22.7454351,121.1495917,265363.6047,2516102.612
144503,縣立寶桑國中,22.7695545,121.1449035,264879.4962,2518772.87
144504,縣立卑南國中,22.788454,121.111934,261492.4184,2520862.675
144508,縣立鹿野國中,22.9069333,121.1351612,263865.1731,2533984.002
144509,縣立瑞源國中,22.9738564,121.1556553,265959.6653,2541396.634
144510,縣立關山國中,23.0451181,121.159828,266378.8976,2549288.141
144511,縣立池上國中,23.1148377,121.204932,270990.2648,2557014.269
144512,縣立大王國中,22.6154435,121.0066205,250680.5899,2501701.099
144513,縣立賓茂國中,22.5327778,120.9666667,246571.2799,2492548.139
144514,縣立大武國中,22.364649,120.907678,240492.1446,2473934.559
144515,縣立都蘭國中,22.8739349,121.2245649,273042.0247,2530341.229
144516,縣立泰源國中,23.001521,121.289998,279728.1129,2544480.948
144517,縣立新港國中,23.5578448,120.3431122,182939.8215,2606210.751
144518,縣立長濱國中,23.3145811,121.4586833,296911.35,2579192.626
144519,縣立桃源國中,22.9026384,121.0803706,258244.8728,2533504.306
144520,縣立海端國中,23.098988,121.17644,268074.0713,2555255.343
144521,縣立綠島國中,22.6730389,121.4702398,298321.0603,2508154.944
151306,私立海星高中附設國中部,24.0086791,121.6131047,312374.8707,2656120.1
151312,私立慈大附中附設國中部,24.0000649,121.5741076,308411.255,2655149.344
154399,縣立南平中學附設國中部,23.7833851,121.4575662,296631.4448,2631109.073
154501,縣立玉里國中,23.335277,121.312934,281999.9117,2581444.735
154502,縣立玉東國中,23.4167908,121.3709591,287910.2892,2590485.586
154503,縣立三民國中,23.4322735,121.3500322,285767.4746,2592194.797
154504,縣立美崙國中,23.9972365,121.6285149,313948.3411,2654859.725
154505,縣立花崗國中,23.9775045,121.6123828,312316.4314,2652667.153
154506,縣立國風國中,23.9781451,121.5957218,310620.6568,2652730.835
154507,縣立秀林國中,24.126051,121.6530032,316373.6813,2669137.633
154508,縣立新城國中,24.030965,121.604834,311522.8146,2658584.66
154509,縣立吉安國中,23.983132,121.561344,307120.0944,2653268.781
154510,縣立宜昌國中,23.9721569,121.58658,309693.124,2652063.737
154511,縣立壽豐國中,23.8456878,121.5004386,300976.3907,2638023.663
154512,縣立平和國中,23.8856018,121.518801,302830.6871,2642450.796
154513,縣立光復國中,23.6706032,121.424671,293316.2399,2618608.6
154514,縣立富源國中,23.588935,121.383927,289184.6183,2609552.602
154515,縣立鳳林國中,23.7444815,121.4489814,295770.1444,2626797.862
154516,縣立萬榮國中,23.7076013,121.4181176,292635.7746,2622703.969
154517,縣立富里國中,23.1757009,121.248963,275488.6693,2563761.011
154518,縣立富北國中,23.2246835,121.2798008,278635.4045,2569190.914
154519,縣立豐濱國中,23.6014189,121.5215467,303225.6467,2610979.54
154520,縣立瑞穗國中,23.4991399,121.3758499,288386.297,2599606.304
154521,縣立東里國中,23.2634849,121.302669,280966.841,2573492.372
154522,縣立自強國中,23.9978564,121.5992803,310973.4955,2654915.417
154523,縣立化仁國中,23.9654969,121.5929914,310348.695,2651328.866
164501,縣立馬公國中,23.5266867,119.5888429,105896.4108,2603315.109
164502,縣立中正國中,22.6720999,120.5086289,199507.1418,2508057.991
164503,縣立澎南國中,23.5266867,119.5888429,105896.4108,2603315.109
164504,縣立湖西國中,23.584501,119.653832,112593.9201,2609654.955
164505,縣立志清國中,23.5899191,119.6118039,108309.2807,2610296.053
164506,縣立鎮海國中,23.6435994,119.5972689,106883.8461,2616256.38
164507,縣立白沙國中,23.6678483,119.598255,107010.8398,2618941.318
164508,縣立吉貝國中,23.7367073,119.6058084,107856.0716,2626560.95
164509,縣立西嶼國中,23.5999762,119.5105136,97980.81344,2611513.984
164510,縣立望安國中,23.360288,119.4971491,96339.07616,2584978.974
64533,市立和平國中,25.0196314,121.5491522,305423.1584,2768064.309
64534,市立北勢國中,24.2252129,120.5691939,206245.4383,2680032.674
64535,市立鹿寮國中,24.2438043,120.5667501,206003.6232,2682092.489
64537,市立光榮國中,25.0704534,121.4999178,300433.3003,2773674.378
64538,市立潭秀國中,24.2161685,120.6995802,219485.9881,2678996.32
64539,市立順天國中,24.350426,120.6153585,210972.4615,2693886.708
64540,市立清海國中,24.2767126,120.5540226,204722.7895,2685741.26
64541,市立大華國中,24.2162867,120.6508118,214532.5159,2679020.93
64543,市立新光國中,24.1581429,120.7093801,220468.0265,2672567.833
64544,市立光正國中,24.0962682,120.7181211,221342.4864,2665713.401
64545,市立豐陽國中,24.2623377,120.7445288,224060.8555,2684100.537
64546,市立光德國中,24.1058285,120.6415987,213565.4001,2666789.952
64547,市立立新國中,24.1043277,120.6972183,219219.2946,2666610.414
64548,市立爽文國中,24.1072573,120.6776851,217234.2866,2666939.291
64549,市立公明國中,24.2495101,120.5986388,209243.7643,2682714.736
64551,市立神圳國中,24.2609052,120.6585902,215334.6727,2683960.561
64552,市立梨山國中(小),24.255672,121.25945,276344.5054,2683363.046
71311,私立精誠高中附設國中部,24.0731321,120.5272945,201933.0372,2663203.216
71317,私立文興高中附設國中部,23.867111,120.5868495,207922.1092,2640367.56
71318,私立正德高中附設國中部,24.0587655,120.5184684,201030.0898,2661615.153
74308,縣立彰化藝術高中附設國中部,24.078871,120.554266,204677.6841,2663829.835
74313,縣立二林高中附設國中部,23.8901258,120.359044,184731.9432,2643002.81
74323,縣立和美高中附設國中部,24.1132428,120.49367,198529.905,2667657.448
74328,縣立田中高中附設國中部,23.8555119,120.5887042,208107.2756,2639082.443
74339,縣立成功高中附設國中部,23.9515136,120.4718336,196242.8775,2649754
74501,縣立北斗國中,23.8758755,120.5213474,201254.1398,2641359.217
74502,縣立鹿港國中,24.0514633,120.439298,192975.3781,2660836.278
74503,縣立鹿鳴國中,24.0988443,120.4690469,196020.804,2666072.044
74504,縣立線西國中,24.1308535,120.4682133,195949.4983,2669617.448
74505,縣立陽明國中,22.6430211,120.3403786,182203.1376,2504904.94
74506,縣立彰安國中,24.0705957,120.5355787,202774.4981,2662919.498
74507,縣立彰德國中,24.0798957,120.5896033,208271.1621,2663932.368
74509,縣立芬園國中,24.011875,120.6266069,212013.6944,2656388.617
74510,縣立員林國中,23.963015,120.560476,205269.0584,2650996.835
74511,縣立明倫國中,23.9477714,120.5857321,207834.4802,2649300.851
74512,縣立萬興國中,23.9554806,120.4158658,190548.1298,2650215.795
74514,縣立竹塘國中,23.8644921,120.425734,191511.5795,2640134.732
74515,縣立大城國中,23.852762,120.323964,181139.9047,2638881.378
74516,縣立草湖國中,23.958039,120.3783378,186729.7643,2650515.46
74517,縣立芳苑國中,23.923894,120.319969,180770.8322,2646761.252
74518,縣立溪湖國中,23.9669094,120.4802037,197101.0895,2651455.917
74519,縣立埔鹽國中,23.9994179,120.4661178,195681.1969,2655061.592
74520,縣立埔心國中,23.953828,120.5430515,203492.4238,2649985.019
74521,縣立福興國中,24.0413503,120.4364587,192682.1199,2659717.404
74522,縣立秀水國中,24.036143,120.503737,199523.0951,2659114.909
74524,縣立伸港國中,24.149187,120.485174,197680.8676,2671641.486
74525,縣立大村國中,23.9881417,120.5649809,205736.1195,2653778.169
74526,縣立花壇國中,24.0297049,120.549093,204134.2182,2658386.357
74527,縣立永靖國中,23.9304052,120.5513441,204328.2014,2647388.269
74529,縣立二水國中,23.8024767,120.6448314,213809.4815,2633193.535
74530,縣立社頭國中,23.9011661,120.5841277,207655.9844,2644139.887
74531,縣立田尾國中,23.8895222,120.5340049,202548.1727,2642866.26
74532,縣立溪州國中,23.8503991,120.4948694,198547.5176,2638547.125
74533,縣立溪陽國中,23.8243859,120.5440256,203545.366,2635649.255
74534,縣立埤頭國中,23.880247,120.460393,195048.2876,2641865.683
144505,縣立豐田國中,22.7717128,121.0908078,259324.4984,2519007.436
34509,市立大園國中,25.0532834,121.1714775,267301.4825,2771690.314
34510,市立竹圍國中,25.109708,121.238563,274059.1664,2777950.365
34511,市立大溪國中,24.8796559,121.2954956,279856.3979,2752480.532
34513,市立仁和國中,24.894726,121.2739164,277672.701,2754145.153
34515,市立大崗國中,25.0524891,121.3710741,287440.4585,2771642.712
34516,市立八德國中,24.9294355,121.2866881,278954.8797,2757992.283
34517,市立大成國中,22.978864,120.197917,167761.9634,2542167.406
34518,市立中壢國中,24.9510053,121.218887,272103.2412,2760368.65
34520,市立平南國中,24.910076,121.2107638,271289.9862,2755833.972
34521,市立新明國中,24.956923,121.213008,271508.5491,2761023.161
34522,市立內壢國中,24.971042,121.248853,275125.1561,2762593.164
34523,市立大崙國中,24.9912409,121.1798842,268158.8167,2764819.433
34524,市立龍岡國中,24.9295099,121.2521234,275463.8886,2757993.605
34525,市立興南國中,24.9737065,121.2267781,272895.8882,2762884.384
34526,市立自強國中,24.9987911,121.4724939,297694.3486,2765726.772
34527,市立東興國中,24.9497767,121.2301109,273236.8666,2760234.442
34528,市立楊梅國中,24.9033484,121.1482637,264977.4342,2755080.487
34529,市立仁美國中,24.9240144,121.184162,268600.7485,2757373.902
34530,市立富岡國中,24.9420695,121.073974,257470.4338,2759363.135
63501,市立善水國中(小),24.2421318,120.5239738,201659.0091,2681921.409
64308,市立后綜高中附設國中部,24.3064604,120.7231399,221898.8443,2688991.366
64324,市立大里高中附設國中部,24.0950886,120.6789887,217363.7249,2665591.306
64328,市立新社高中附設國中部,24.2386141,120.806864,230386.4107,2681462.938
64336,市立長億高中附設國中部,24.1138805,120.7210106,221640.131,2667663.368
64342,市立中港高中附設國中部,24.2442409,120.5419946,203489.8347,2682148.873
64350,市立龍津高中附設國中部,24.204669,120.521466,201390.1168,2677773.164
64406,市立神岡高工附設國中部,24.246864,120.681939,217701.8831,2682399.864
64501,市立豐原國中,24.2616162,120.7197251,221542.2504,2684025.468
64502,市立豐東國中,24.247688,120.7296032,222542.2391,2682480.916
64503,市立豐南國中,24.239154,120.716777,221237.8622,2681538.346
64504,市立潭子國中,24.2096079,120.7081277,220352.6554,2678267.886
64505,市立大雅國中,24.2238501,120.6496866,214420.328,2679858.875
64507,市立后里國中,24.307963,120.6954847,219092.2033,2689163.644
64509,市立外埔國中,24.3322462,120.6508031,214563.8107,2691863.736
64510,市立大甲國中,24.353289,120.6224064,211688.4432,2694201.835
64511,市立日南國中,24.3780162,120.6523129,214729.7109,2696932.546
64512,市立大安國中,25.030845,121.54617,305117.1654,2769305.171
64513,市立清水國中,24.267959,120.562458,205576.1491,2684769.055
64514,市立清泉國中,24.305823,120.59252,208640.661,2688953.362
64515,市立沙鹿國中,24.2349537,120.5633231,205652.5408,2681113.346
64516,市立梧棲國中,24.2526956,120.532722,202551.3305,2683088.38
64517,市立龍井國中,24.1919161,120.5433808,203611.6588,2676353.301
64518,市立四箴國中,24.1792488,120.5759848,206919.7158,2674939.943
64519,市立大道國中,24.1471742,120.5498765,204255.6323,2671395.912
64520,市立烏日國中,24.1050716,120.6174006,211105.2011,2666712.622
34531,市立瑞原國中,24.9334978,121.1215104,262271.8588,2758417.178
34533,市立觀音國中,25.0388807,121.0807615,258149.4999,2770086.502
34534,市立草漯國中,25.0447137,121.1405555,264182.5418,2770737.513
34536,市立大坡國中,24.9611593,121.0397864,254017.3008,2761476.097
34537,市立永安國中,22.8233569,120.2403399,172022.9371,2524923.655
34538,市立龍潭國中,24.8564263,121.2175825,271988.2641,2749892.784
34539,市立凌雲國中,24.85867,121.202121,270425.3963,2750138.891
34540,市立石門國中,24.8408333,121.24,274256.7607,2748169.503
34541,市立介壽國中,25.0564253,121.5564352,306141.4582,2772142.812
34542,市立慈文國中,25.0094401,121.3016355,280444.8502,2766857.047
74535,縣立和群國中,24.1114572,120.5194953,201154.4958,2667450.454
74536,縣立大同國中,22.678426,120.477654,196326.59,2508769.345
74537,縣立原斗國中(小),23.8944729,120.4263714,191589.9569,2643454.818
74538,縣立彰興國中,24.0592742,120.5382511,203042.1292,2661664.74
74540,縣立彰泰國中,24.0914494,120.548645,204110.6105,2665224.727
74541,縣立信義國中(小),24.0627225,120.5281398,202015.1205,2662050.057
74542,縣立鹿江國際國中(小),24.0654947,120.4380802,192857.7359,2662390.772
74543,縣立民權華德福實驗國中(小),23.9333538,120.3476673,183595.5235,2647795.638
,勵志中學附設國中部,23.8768384,120.6076966,210048.3194,2641438.802
81312,私立三育高中附設國中部,23.9084174,120.9350563,243387.8555,2644882.193
81313,私立弘明實驗高中國中部,23.8576862,120.6972649,219165.3729,2639295.373
81314,私立普台中學國中部,23.9942691,120.93693,243582.8723,2654389.881
81409,私立同德高中附設國中部,23.99842,120.695346,219003.5378,2654881.661
81502,私立均頭國中(小),23.9503079,120.9729562,247247.465,2649520.148
84309,縣立旭光高中附設國中部,23.9795219,120.6945993,218923.0302,2652788.898
84501,縣立南投國中,23.9130514,120.6754063,216953.0477,2645431.815
84502,縣立南崗國中,23.8958218,120.6830195,217723.877,2643521.931
84503,縣立中興國中,23.931492,120.6938455,218834.784,2647469.869
84504,縣立鳳鳴國中,24.967511,121.331827,283503.5396,2762219.983
84505,縣立埔里國中,23.968138,120.96847,246791.2979,2651494.865
84506,縣立大成國中,24.9581072,121.305089,280806.2104,2761172.063
84507,縣立宏仁國中,23.9614151,120.9728156,247233.3916,2650750.235
84508,縣立草屯國中,23.977259,120.685991,218046.5026,2652540.21
84510,縣立日新國中,23.9947408,120.6769951,217135.512,2654478.355
84511,縣立竹山國中,23.7533668,120.6818346,217567.8374,2627745.912
84512,縣立延和國中,23.7604828,120.6950715,218918.8381,2628531.017
84513,縣立社寮國中,23.8087654,120.7204455,221515.7297,2633872.755
84514,縣立瑞竹國中,23.6674163,120.6709032,216431.553,2618229.926
84515,縣立集集國中,23.831825,120.7844139,228037.4805,2636415.123
84516,縣立名間國中,23.844906,120.6951144,218943.29,2637880.485
84517,縣立三光國中,24.1672395,120.6984857,219363.1317,2673577.627
84518,縣立鹿谷國中,23.7490928,120.7589191,225424.6737,2627257.145
84519,縣立瑞峰國中,23.7825685,120.7762717,227199.4048,2630961.5
84520,縣立中寮國中,23.8840263,120.7661448,226185.8796,2642199.143
84521,縣立爽文國中,23.9333751,120.76193,225765.8766,2647665.064
84522,縣立魚池國中,23.8944602,120.9317344,243048.8951,2643336.651
84523,縣立明潭國中,23.8682513,120.9110706,240942.9908,2640435.302
84524,縣立國姓國中,24.042665,120.858612,235619.6954,2659755.394
84525,縣立北梅國中,24.0572269,120.9116462,241014.7202,2661363.688
84526,縣立北山國中,23.9806038,120.8732203,237099.2909,2652880.855
84527,縣立水里國中,23.8104697,120.8568926,235418.7696,2634040.796
84528,縣立民和國中,23.798001,120.9181474,241659.2364,2632655.011
84529,縣立信義國中,23.696674,120.854169,235128.3412,2621438.905
84530,縣立同富國中,23.59513,120.8874004,238508.3765,2610190.627
84531,縣立仁愛國中,24.8327902,121.014325,251447.9162,2747257.388
84532,縣立營北國中,23.9522122,120.6866696,218109.3958,2649766.18
91307,私立永年高中附設國中部,23.6797617,120.3998417,188788.024,2619687.146
91308,私立正心高中附設國中部,23.7150432,120.5282857,201901.5778,2623545.191
91311,私立文生高中附設國中部,23.6326997,120.2265183,171081.3568,2614560.187
91316,私立揚子高中附設國中部,23.6966464,120.4231492,191172.8468,2621547.26
91319,私立福智高中附設國中部,23.6330383,120.5231125,201343.7313,2614465.308
91320,私立維多利亞高中附設國中部,23.679668,120.5525074,204359.0847,2619619.593
91502,私立淵明國中(代用),23.754222,120.614428,210696.9438,2627857.619
91503,私立東南國中(代用),23.8027207,120.4518606,194146.157,2633283.116
91506,私立福智實驗國中,23.635984,120.523744,201409.2506,2614791.313
144322,縣立蘭嶼高中附設國中部,22.0498373,121.5118562,302832.1078,2439163.656
144506,縣立知本國中,22.716939,121.0476642,254896.2952,2512940.294
34543,市立平興國中,24.9496935,121.2062877,270831.179,2760221.362
34544,市立楊明國中,24.9108783,121.1553024,265687.5248,2755915.297
34545,市立龍興國中,24.937941,121.236078,273841.7115,2758924.535
34546,市立福豐國中,24.9763815,121.3136515,281666.133,2763198.138
34549,市立東安國中,24.916543,121.249509,275202.4747,2756556.886
34550,市立光明國中,24.1322703,120.6732226,216787.0933,2669710.532
34551,市立同德國中,25.0156967,121.2935256,279624.7912,2767548.249
34552,市立幸福國中,24.9880183,121.3319985,283515.2977,2764491.469
34554,市立大有國中,25.009464,121.3191487,282212.508,2766863.743
34555,市立龜山國中,24.9973376,121.3388964,284209.0673,2765525.424
34556,市立會稽國中,25.0161645,121.3137939,281670.3119,2767604.649
34557,市立楊光國中(小),24.9065424,121.1685333,267024.612,2755436.641
34559,市立迴龍國中(小),25.0194748,121.4050795,290882.4957,2767995.752
34560,市立平鎮國中,24.9450671,121.2182482,272039.7916,2759710.822
34561,市立武漢國中,24.8789771,121.2320206,273443.0887,2752392.927
34562,市立經國國中,25.0217249,121.3039678,280677.204,2768218.275
34563,市立過嶺國中,24.9604207,121.1754012,267710.6818,2761405.14
34564,市立瑞坪國中,24.9070085,121.1806279,268246.2979,2755489.834
34565,市立青埔國中,25.0110225,121.2059626,270788.0377,2767014.234
41303,私立義民高中附設國中部,24.8391368,121.0040633,250410.6819,2747960.263
41305,私立忠信高中附設國中部,24.881078,121.001876,250189.5453,2752605.654
41306,私立東泰中學附設國中部,24.7115673,121.0983351,259948.9944,2733834.423
41307,私立仰德高中附設國中部,24.8815898,121.0051968,250525.0666,2752662.35
41401,私立內思高工附設國中部,24.828444,121.0824601,258335.0443,2746778.448
41501,私立康乃薾國中(小),24.8053098,121.0361385,253653.5473,2744214.09
44311,縣立六家高中附設國中部,24.8210147,121.0318342,253217.9835,2745953.441
44320,縣立湖口高中附設國中部,24.8906561,121.0529741,255351.9285,2753667.566
44501,縣立竹東國中,24.7360956,121.0870979,258810.3496,2736550.354
44502,縣立二重國中,24.764667,121.054678,255529.6637,2739713.171
44503,縣立員東國中,24.7071462,121.0973737,259852.0731,2733344.683
44504,縣立關西國中,24.7984638,121.1728287,267473.6944,2743466.405
44505,縣立石光國中,24.8142928,121.1291033,263051.213,2745214.725
44506,縣立富光國中,24.7798384,121.1801753,268219.1875,2741404.433
44507,縣立新埔國中,25.0248193,121.4597107,296394.1919,2768605.331
44508,縣立照門國中,24.8491432,121.1132706,261447.4595,2749073.316
44509,縣立竹北國中,24.8410731,121.0004545,250045.9361,2748174.721
44510,縣立鳳岡國中,24.8638673,120.9663025,246594.8362,2750699.818
44512,縣立芎林國中,24.7619639,121.0917444,259278.4439,2739415.787
44513,縣立新豐國中,24.9029232,120.991156,249106.5865,2755025.261
44514,縣立精華國中,24.9269382,121.0188762,251906.4887,2757685.279
44515,縣立橫山國中,24.7182737,121.1461593,264786.7925,2734581.525
44516,縣立華山國中,24.7177778,121.1091667,261044.3278,2734523.113
44517,縣立寶山國中,24.7644623,120.9908943,249079.1262,2739689.425
44518,縣立北埔國中,24.7042857,121.0477338,254829.7181,2733025.203
44519,縣立峨眉國中,24.6909542,121.0182791,251849.6807,2731547.924
44521,縣立新湖國中,24.9027351,121.0357297,253609.3899,2755004.872
44522,縣立中正國中,22.6720999,120.5086289,199507.1418,2508057.991
44523,縣立五峰國中,24.632381,121.1191009,262057.5736,2725065.644
44524,縣立尖石國中,24.707025,121.2023547,270473.8787,2733342.872
44525,縣立忠孝國中,24.8790533,120.9996157,249961.1709,2752381.397
44526,縣立博愛國中,24.829963,121.0069528,250702.7784,2746944.191
44527,縣立仁愛國中,24.8327902,121.014325,251447.9162,2747257.388
44528,縣立自強國中,23.9978564,121.5992803,310973.4955,2654915.417
44529,縣立成功國中,24.8188646,121.0173831,251757.2137,2745715.035
44530,縣立東興國中,24.8109512,121.0304328,253076.5704,2744838.785
94301,縣立斗南高中附設國中部,23.6818742,120.4758371,196540.0445,2619890.551
94307,縣立麥寮高中附設國中部,23.7576416,120.2512806,173680.6341,2628383.948
94308,縣立古坑華德福實驗高中附設國中部,23.6306774,120.6154051,210759.641,2614175.474
94326,縣立蔦松高中附設國中部,23.5217265,120.2299138,171361.7398,2602268.264
94502,縣立東明國中,23.6776016,120.470115,195954.6723,2619419.535
94503,縣立大埤國中,23.641869,120.430153,191862.8869,2615478.002
94504,縣立飛沙國中,23.6429484,120.1731827,165645.8225,2615725.697
94505,縣立四湖國中,23.630123,120.227439,171173.7576,2614274.312
94506,縣立水林國中,23.57237,120.248045,173242.7108,2607867.073
94508,縣立二崙國中,23.7734882,120.4076915,189631.8469,2630063.751
94509,縣立褒忠國中,23.6994368,120.3109085,179727.7063,2621907.116
94510,縣立莿桐國中,23.7497516,120.5075965,199805.261,2627396.149
94511,縣立崙背國中,23.7579343,120.3491074,183652.8952,2628367.293
94512,縣立古坑國中(小),23.646016,120.566952,205821.0406,2615888.273
94513,縣立東勢國中,24.250894,120.832342,232975.424,2682819.605
94514,縣立元長國中,23.645097,120.316927,180312.6741,2615886.148
94515,縣立斗六國中,23.7129929,120.5512165,204239.0385,2623310.576
94516,縣立雲林國中,23.6998721,120.532683,202344.4461,2621863.583
94517,縣立虎尾國中,23.7242456,120.4566637,194602.3778,2624590.343
94518,縣立崇德國中,23.715591,120.4176633,190621.956,2623647.589
94519,縣立西螺國中,23.7932286,120.4600875,194980.4744,2632228.677
94520,縣立北港國中,23.5657109,120.2991743,178458.4126,2607103.137
94521,縣立建國國中,24.9826898,121.3157472,281876.0893,2763897.352
94522,縣立宜梧國中,23.547177,120.194823,167794.0603,2605106.516
94523,縣立口湖國中,23.5876126,120.1846536,166781.2315,2609590.57
94524,縣立臺西國中,23.700932,120.191577,167558.927,2622136.637
94525,縣立土庫國中,23.6863634,120.3885703,187641.524,2620423.146
94527,縣立東和國中,23.6865454,120.5677622,205917.2893,2620376.431
94528,縣立馬光國中,23.693844,120.356008,184324.2096,2621266.22
94529,縣立石榴國中,23.7231027,120.586746,207865.1564,2624419.225
94530,縣立林內國中,23.7559799,120.5936515,208579.6361,2628058.195
94543,縣立東仁國中,23.714138,120.440068,192905.8725,2623477.514
94544,縣立樟湖生態國中(小),23.6041623,120.6321106,212456.5721,2611234.62
101303,私立同濟高中附設國中部,23.604358,120.473369,196256.6708,2611306.93
101304,私立協同高中附設國中部,23.5321684,120.4367027,192483.323,2603326.572
104319,縣立竹崎高中附設國中部,23.5211813,120.5530783,204362.5011,2602068.004
104326,縣立永慶高中附設國中部,23.46505,120.294687,177945.5681,2595957.597
104501,縣立朴子國中,23.4613476,120.2390451,172258.829,2595576.535
104502,縣立東石國中,23.4667656,120.2498381,173364.6424,2596170.767
104503,縣立布袋國中,23.3602515,120.1805791,166221.8934,2584413.294
104504,縣立過溝國中,23.421663,120.182961,166503.9372,2591213.005
104505,縣立大林國中,23.608314,120.4549717,194380.835,2611752.068
104506,縣立新港國中,23.5578448,120.3431122,182939.8215,2606210.751
104507,縣立民雄國中,23.5569592,120.4202614,190815.6074,2606078.703
104508,縣立大吉國中,23.5151489,120.4871826,197631.0471,2601422.449
104509,縣立六嘉國中,23.5012899,120.2915506,177644.9194,2599972.579
104511,縣立太保國中,23.4549092,120.3292685,181473.277,2594817.664
104512,縣立嘉新國中,23.5003895,120.3780005,186474.0102,2599831.983
104513,縣立溪口國中,23.605513,120.40348,189124.7813,2611462.834
104514,縣立鹿草國中,23.4092448,120.3133825,179826.0964,2589768.236
104515,縣立東榮國中,23.4618236,120.1731929,165531.1881,2595666.367
104516,縣立水上國中,23.4255767,120.3951298,188188.6774,2591539.468
104517,縣立忠和國中,23.4251557,120.4511236,193910.5993,2591469.94
104518,縣立中埔國中,23.4241818,120.52183,201135.8167,2591336.343
104520,縣立昇平國中,23.4853234,120.5577497,204827.3047,2598095.541
144501,縣立新生國中,22.7620417,121.1354095,263905.359,2517940.056
64530,市立東華國中,24.2053518,120.8403834,233786.2109,2677774.815
64531,市立東新國中,24.2629745,120.8296956,232708.3326,2684157.861
104521,縣立義竹國中,23.3419918,120.2504613,173356.5019,2582352.342
104522,縣立民和國中,23.798001,120.9181474,241659.2364,2632655.011
104523,縣立梅山國中,23.5870139,120.5604861,205141.3093,2609356.167
104524,縣立大埔國中(小),23.2943985,120.5916167,208226.7909,2576942.215
104526,縣立阿里山國中(小),23.468368,120.702171,219575.1295,2596179.92
104527,縣立豐山實驗國中(小),23.5760618,120.7499792,224479.7937,2608096.743
110328,國立南科高級實驗中學附設國中部,23.1060327,120.2922443,177501.8564,2556200.243
111313,私立南光高中附設國中,23.2981915,120.3148321,179915.9515,2577469.114
111320,私立港明高中附設國中,23.1189915,120.1952371,167572.5201,2557686.804
111321,私立興國高中附設國中,23.3128662,120.3223801,180695.6462,2579090.596
111322,私立明達高中附設國中,23.3105731,120.2746819,175815.8115,2578860.289
111323,方濟會學校財團法人臺南市黎明高中附設國中部,23.1733109,120.2471809,172924.1309,2563673.826
111502,私立昭明國中(代用),23.1418954,120.1434133,162279.1208,2560253.479
113501,市立鹽行國中,23.0475,120.24755,172890.1009,2549741.189
114306,市立大灣高中附設國中,23.00666,120.2729047,175466.0587,2545205.451
114307,市立永仁高中附設國中部,23.0036078,120.2402968,172121.564,2544884.403
114501,市立仁德國中,22.956055,120.247516,172834.6441,2539614.62
114502,市立仁德文賢國中,22.9218797,120.2357843,171611.8628,2535836.293
114503,市立歸仁國中,22.9701939,120.293954,177604.4473,2541156.696
114504,市立關廟國中,22.9607306,120.3243118,180712.5139,2540094.101
114505,市立永康國中,23.02773,120.256216,173767.0914,2547547.319
114508,市立龍崎國中,22.9684964,120.3607674,184454.6568,2540937.33
114509,市立新化國中,23.033537,120.3122308,179511.4561,2548162.322
114510,市立善化國中,23.1471128,120.2879407,177083.2131,2560751.624
114511,市立玉井國中,23.123352,120.47018,195735.8811,2558040.891
114512,市立山上國中,23.103629,120.357791,184215.0925,2555903.016
114513,市立安定國中,23.1141906,120.2336254,171501.7998,2557133.976
114514,市立楠西國中,23.18248,120.4843642,197211.8231,2564583.414
114515,市立新市國中,23.084143,120.2999431,178278.8832,2553772.374
114516,市立南化國中,23.0452909,120.4799909,196709.9704,2549393
114517,市立左鎮國中,23.0566892,120.4109154,189636.0975,2550682.044
114518,市立麻豆國中,23.1834869,120.259972,174239.5021,2564794.021
114519,市立下營國中,23.2392777,120.2713999,175440.4466,2570966.508
114520,市立六甲國中,23.2261655,120.3482349,183296.9061,2569477.073
114521,市立官田國中,23.1889614,120.3155184,179929.122,2565372.441
114522,市立大內國中,23.1123431,120.3647741,184934.6284,2556864.879
114523,市立佳里國中,23.1578538,120.1710495,165119.4667,2562004.399
114524,市立佳興國中,23.1834162,120.1959339,167683.2599,2564820.972
114525,市立學甲國中,23.2368236,120.1834372,166437.0653,2570742.628
114526,市立西港國中,23.1239583,120.2051889,168594.871,2558231.25
114527,市立將軍國中,23.2066568,120.1511484,163113.1104,2567420.77
114528,市立後港國中,23.1885328,120.1347675,161424.3638,2565423.522
114529,市立竹橋國中,23.1019577,120.1420942,162118.0205,2555831.441
114530,市立北門國中,23.2528342,120.1290336,160880.0243,2572548.077
114531,市立南新國中,23.3090172,120.3089612,179321.1328,2578670.834
114532,市立太子國中,23.291612,120.2712839,175457.6927,2576762.218
114533,市立新東國中,23.3118343,120.3237308,180833.2613,2578975.675
114534,市立鹽水國中,23.3218052,120.263352,174663.2968,2580110.024
114535,市立白河國中,23.361898,120.424179,191129.1278,2584475.38
114536,市立柳營國中,23.2801034,120.3318393,181646.393,2575457.871
114537,市立東山國中,24.1662931,120.7121387,220750.2055,2673469.892
114538,市立東原國中,23.2726518,120.4522944,193966.2593,2574581
144507,縣立初鹿國中,22.8493889,121.0921366,259455.5826,2527608.626
193315,市立東山高中附設國中部,24.1662931,120.7121387,220750.2055,2673469.892
193316,市立惠文高中附設國中部,24.1516147,120.6397871,213394.266,2671861.267
193501,市立居仁國中,24.1370565,120.6788372,217358.9674,2670239.286
193502,市立雙十國中,24.1531468,120.691521,218652.0047,2672018.395
193504,市立崇倫國中,24.1319343,120.6575395,215192.9956,2669677.126
193505,市立大德國中,24.180111,120.669072,216377.7561,2675009.91
193506,市立北新國中,24.1803955,120.6982701,219344.3667,2675034.71
193507,市立東峰國中,24.126207,120.6858308,218067.0654,2669036.09
193508,市立黎明國中,24.155814,120.6322318,212627.692,2672328.339
193509,市立光明國中,24.1322703,120.6732226,216787.0933,2669710.532
193510,市立向上國中,24.143377,120.661945,215643.823,2670943.323
193511,市立育英國中,24.1358576,120.6981982,219326.4282,2670102.133
193512,市立四育國中,24.125529,120.6646223,215911.1854,2668965.996
193514,市立五權國中,24.1553609,120.679227,217403.2273,2672266.415
193516,市立中山國中,25.0606103,121.5455307,305039.359,2772601.887
193517,市立崇德國中,24.1752046,120.6852771,218022.9811,2674462.723
193518,市立立人國中,24.1715332,120.66999,216468.7846,2674059.691
193519,市立漢口國中,24.1617539,120.6571191,215158.3516,2672979.769
193520,市立安和國中,24.1740334,120.6167303,211057.9523,2674350.384
193521,市立至善國中,24.1747541,120.6407391,213497.5891,2674423.729
193522,市立萬和國中,24.1345956,120.6406948,213481.6748,2669976.153
193523,市立大業國中,24.1538653,120.652153,214651.5493,2672107.346
193524,市立三光國中,24.1672395,120.6984857,219363.1317,2673577.627
193525,市立四張犁國中,24.193558,120.677167,217203.6511,2676497.257
193526,市立福科國中,24.1886941,120.6150045,210887.0702,2675974.559
193527,市立大墩國中,24.1449417,120.6404242,213457.1128,2671122.061
201304,私立興華高中附設國中部,23.4895018,120.4647954,195334.2393,2598590.546
201310,私立嘉華高中附設國中部,23.4835895,120.4767061,196548.4376,2597931.321
201312,私立輔仁高中附設國中部,23.460557,120.456993,194525.1847,2595388.1
201313,私立宏仁女中附設國中部,23.506283,120.445669,193387.7981,2600456.359
203501,市立大業國中,24.1538653,120.652153,214651.5493,2672107.346
203502,市立北興國中,23.4904837,120.4550717,194341.4531,2598703.017
203503,市立嘉義國中,23.4869794,120.4648553,195339.3177,2598311.185
203504,市立南興國中,23.4684365,120.4622065,195061.0797,2596258.698
203505,市立民生國中,25.0597793,121.5667159,307177.1934,2772518.628
203506,市立玉山國中,23.468351,120.4257066,191332.2691,2596263.641
203507,市立蘭潭國中,23.4823173,120.4814193,197029.3657,2597788.69
203508,市立北園國中,23.4951,120.426786,191454.3483,2599225.48
211301,私立長榮高中附設國中部,22.9894128,120.2229561,170335.5355,2543321.765
211304,私立聖功女中附設國中部,23.014844,120.221297,170180.3908,2546138.921
211310,臺南光華學校財團法人臺南市光華高中附設國中,22.988612,120.21739,169764.3873,2543236.118
211315,私立瀛海高中附設國中部,23.0350309,120.2113593,169173.7353,2548379.879
211317,私立崑山高中附設國中部,23.0110042,120.2263303,170694.0977,2545710.968
211318,私立德光高中附設國中部,22.9798586,120.2214007,170170.4505,2542264.58
211320,慈濟學校財團法人臺南市私立慈濟高級中學附設國中部,22.987448,120.179471,165875.9107,2543128.459
213303,市立南寧高中附設國中部,22.935473,120.186614,166576.3976,2537368.658
213316,市立土城高中附設國中部,23.0574603,120.1505744,162958.1175,2550898.607
213501,市立後甲國中,22.9958008,120.2244958,170497.1363,2544028.336
213502,市立忠孝國中,25.051247,121.5082165,301278.5069,2771550.092
213504,市立大成國中,22.978864,120.197917,167761.9634,2542167.406
213505,市立金城國中,22.9931701,120.180648,166000.127,2543761.454
213506,市立民德國中,23.0054258,120.2053713,168542.2273,2545104.709
213507,市立成功國中,24.0940491,120.6992732,219425.7568,2665471.614
164511,縣立將澳國中,23.3645475,119.525632,99256.61033,2585420.757
164512,縣立七美國中,23.2058329,119.4295092,89236.56942,2567944.222
164513,縣立文光國中,23.5734785,119.5701621,104040.1964,2608516.857
164514,縣立鳥嶼國中,23.6603469,119.660939,113398.1249,2618049.026
171306,私立二信高中附設國中部,25.143902,121.771516,327787.3847,2781939.099
171308,私立聖心高中附設國中部,25.1353145,121.7338675,323996.5489,2780966.674
173304,市立中山高中附設國中部,22.728652,120.2927492,177352.6925,2514409.72
173306,市立安樂高中附設國中部,25.1351392,121.7299807,323604.7306,2780945.129
173307,市立暖暖高中附設國中部,25.1081244,121.737743,324403.798,2777956.971
173314,市立八斗高中附設國中部,25.140237,121.7882919,329481.2404,2781542.908
173501,市立明德國中,25.1081039,121.51852,302293.9779,2777851.843
173502,市立銘傳國中,25.1236499,121.7502008,325650.6957,2779683.649
173503,市立信義國中,25.028644,121.567577,307278.5359,2769070.26
173505,市立中正國中,25.0323588,121.5219754,302674.8577,2769463.218
173508,市立南榮國中,22.5133707,120.5182968,200443.8529,2490478.645
173509,市立成功國中,24.0940491,120.6992732,219425.7568,2665471.614
173510,市立正濱國中,25.146333,121.763026,326929.8317,2782203.511
173512,市立建德國中,25.1269314,121.7218351,322788.2377,2780031.536
173513,市立百福國中,25.0834942,121.6987487,320485.0786,2775207.799
173515,市立碇內國中,25.0960443,121.7489082,325537.3064,2776625.065
173516,市立武崙國中,25.1377736,121.7062043,321205.7236,2781224.176
180301,國立科學工業園區高中附設國中部,24.777184,121.016432,251661.6247,2741098.529
181305,私立光復高中附設國中部,24.7983869,120.9940563,249399.0676,2743446.847
181306,私立曙光女中附設國中部,24.812185,120.971485,247117.336,2744975.398
181307,私立磐石高中附設國中部,24.8108193,120.9570734,245660.3779,2744824.515
181502,私立新竹市康橋國中(小),24.768817,120.966208,246582.6809,2740172.136
183306,市立成德高中附設國中部,24.7909191,120.953335,245281.6949,2742620.515
183307,市立香山高中附設國中部,24.785165,120.930349,242957.2516,2741984.188
183313,市立建功高中附設國中部,24.7978951,121.0023113,250233.6828,2743392.365
183501,市立建華國中,24.7941131,120.9766922,247643.4054,2742973.674
183502,市立培英國中,24.7943201,120.9781373,247789.5196,2742996.577
183503,市立光華國中,22.611216,120.3224586,180345.2097,2501391.333
183504,市立育賢國中,24.7901418,120.9656076,246522.5578,2742534.055
183505,市立光武國中,24.7859447,121.0117449,251187.5758,2742068.803
183508,市立南華國中,24.8440256,120.9273741,242659.9132,2748503.692
183509,市立富禮國中,24.7644537,120.9127969,241181.0103,2739691.253
183510,市立三民國中,22.6465942,120.3071577,178790.3716,2505316.118
183511,市立內湖國中,25.077035,121.5886895,309385.8858,2774439.452
183512,市立虎林國中,24.8052619,120.9419437,244130.5938,2744209.549
183514,市立新科國中,24.7802671,121.0241642,252443.4543,2741440.125
183515,市立竹光國中,24.8072882,120.9555983,245511.1269,2744433.462
183516,市立華德福實驗國中(小),24.9242653,121.1830101,268484.3666,2757401.535
191301,私立東大附屬實驗高中附設國中部,24.182282,120.6055347,209922.9896,2675267.091
191302,私立葳格高中附設國中部,24.1785854,120.711852,220723.8771,2674831.331
191305,私立新民高中附設國中部,24.1586929,120.685906,218082.776,2672633.897
191309,私立明德高中附設國中部,24.120318,120.683671,217846.0649,2668384.377
191311,私立衛道高中附設國中部,24.1830032,120.6750442,216985.2795,2675328.802
191313,私立曉明女中附設國中部,24.168102,120.673388,216813.1596,2673678.873
191314,私立嶺東高中附設國中部,24.138096,120.610281,210391.5869,2670372.087
191315,私立磊川華德福實驗教育學校國中部,24.1804983,120.713242,220865.5376,2675042.896
191503,私立麗喆國中(小),24.1947933,120.6138543,210772.0821,2676650.378
193303,市立忠明高中附設國中部,24.1589341,120.6636692,215823.1911,2672665.859
193313,市立西苑高中附設國中部,24.186534,120.64181,213609.7389,2675728.088
213508,市立延平國中,23.0093658,120.2105446,169074.9182,2545538.16
213509,市立建興國中,22.9892383,120.203141,168303.8469,2543313.34
213510,市立中山國中,25.0606103,121.5455307,305039.359,2772601.887
213511,市立安平國中,22.99757,120.1683654,164743.6179,2544255.791
213512,市立安南國中,23.0485084,120.1780251,165765.5983,2549891.188
213513,市立安順國中,23.0496474,120.2185004,169914.2868,2549994.596
213514,市立復興國中,22.982395,120.240143,172093.6271,2542535.386
213515,市立新興國中,25.061983,121.525792,303047.266,2772746.048
213517,市立文賢國中,23.005616,120.1962944,167611.8229,2545130.844
213518,市立崇明國中,22.9697789,120.2255075,170585.6477,2541146.129
213519,市立和順國中,23.0664775,120.2209457,170174.8107,2551857.04
213520,市立海佃國中,23.027696,120.198995,167902.0418,2547574.484
213521,市立九份子國中(小),23.0204748,120.1814906,166103.3984,2546784.72
311401,私立普林思頓高中附設國中部,25.0329636,121.5654268,307059.5404,2769547.816
313301,市立西松高中附設國中部,25.0553554,121.5671134,307219.3531,2772028.778
313302,市立中崙高中附設國中部,25.0487115,121.5611909,306624.8377,2771290.367
313501,市立介壽國中,25.0564253,121.5564352,306141.4582,2772142.812
313502,市立民生國中,25.0597793,121.5667159,307177.1934,2772518.628
313504,市立中山國中,25.0606103,121.5455307,305039.359,2772601.887
313505,市立敦化國中,25.051541,121.546707,305162.0995,2771597.797
323502,市立興雅國中,25.0364201,121.572237,307745.1821,2769933.566
323503,市立永吉國中,25.0483137,121.5740947,307927.0614,2771251.766
323504,市立瑠公國中,25.037088,121.585339,309067.0316,2770013.199
323505,市立信義國中,25.028644,121.567577,307278.5359,2769070.26
330301,國立師大附中,25.0336592,121.5404218,304535.8261,2769614.56
331301,私立延平中學附設國中部,25.0363216,121.5384679,304337.4747,2769908.677
331304,私立復興高中(國中),25.0394418,121.5484403,305342.4217,2770258.327
331502,私立立人國中(小),25.0298352,121.5519283,305698.7361,2769195.677
333301,市立和平高中附設國中部,25.0196314,121.5491522,305423.1584,2768064.309
333304,市立芳和實驗中學附設國中部,25.0329636,121.5654268,307059.5404,2769547.816
333501,市立仁愛國中,25.0374998,121.5506358,305564.8462,2770044.12
333502,市立大安國中,25.030845,121.54617,305117.1654,2769305.171
333505,市立金華國中,25.0312012,121.533178,303805.8876,2769339.401
333506,市立懷生國中,25.0403791,121.5412362,304615.0359,2770359.222
333507,市立民族實驗國中,25.0111994,121.5388404,304386.1348,2767126.157
333508,市立龍門國中,25.0244738,121.5387036,304366.4806,2768596.445
343302,市立大同高中附設國中部,25.0550217,121.5352723,304006.8044,2771978.726
343303,市立大直高中附設國中部,25.07886,121.543375,304813.7398,2774622.459
343502,市立長安國中,25.0495458,121.5319569,303674.6724,2771370.865
343504,市立北安國中,25.0777783,121.5415678,304631.9125,2774501.911
343505,市立新興國中,25.061983,121.525792,303047.266,2772746.048
343506,市立五常國中,25.0634804,121.543251,304808.0755,2772918.87
343507,市立濱江實驗國中,25.07955,121.5607499,306566.1765,2774706.046
353501,市立螢橋國中,25.0246447,121.5109581,301566.2576,2768604.524
353502,市立古亭國中,25.0246447,121.5109581,301566.2576,2768604.524
353503,市立南門國中,25.0340713,121.508985,301363.2031,2769647.913
353504,市立弘道國中,25.0374875,121.5152934,301998.3735,2770028.717
353505,市立中正國中,25.0323588,121.5219754,302674.8577,2769463.218
361301,私立靜修高中附設國中部,25.057931,121.5154866,302009.2441,2772293.224
363302,市立成淵高中附設國中部,25.0614213,121.5185204,302313.8582,2772680.999
363501,市立建成國中,25.0516653,121.5186171,302327.7571,2771600.407
363502,市立忠孝國中,25.051247,121.5082165,301278.5069,2771550.092
363504,市立民權國中,25.0637369,121.5138782,301844.521,2772935.7
363506,市立蘭州國中,25.069322,121.516736,302130.482,2773555.436
363507,市立重慶國中,25.0759168,121.5180299,302258.2195,2774286.414
373302,市立大理高中附設國中部,25.0308614,121.4912045,299570.1804,2769285.741
373501,市立萬華國中,25.0291201,121.4990359,300361.2141,2769095.756
373503,市立雙園國中,25.0275539,121.4926458,299716.965,2768919.914
373505,市立龍山國中,25.0360766,121.504618,300921.6808,2769868.38
380301,國立政大附中,24.9871265,121.5858355,309141.0601,2764479.393
381301,私立東山中學附設國中部,24.9733741,121.5615447,306695.1168,2762945.737
381304,私立再興中學附設國中部,24.9904136,121.5591612,306446.6877,2764832.123
381305,私立景文高中附設國中部,24.985367,121.567397,307280.4383,2764276.589
381306,私立靜心高中附設國中部,24.9988631,121.5467337,305188.3471,2765762.917
383302,市立萬芳高中附設國中部,25.0006248,121.5589135,306417.0199,2765963.065
383501,市立木柵國中,24.98752,121.5676113,307301.075,2764515.157
383502,市立實踐國中,24.9834041,121.554857,306015.3509,2764053.931
383503,市立北政國中,24.9845598,121.5779958,308350.8234,2764191.697
383504,市立景美國中,24.9931712,121.5429395,304807.8704,2765130.914
383505,市立興福國中,25.0049365,121.5500586,305521.2458,2766436.995
383507,市立景興國中,24.9962215,121.5442841,304942.2496,2765469.325
393301,市立南港高中附設國中部,25.0524116,121.5950264,310037.1552,2771714.8
393501,市立誠正國中,25.054232,121.618819,312436.9251,2771927.208
393503,市立成德國中,25.0449417,121.5876777,309299.2602,2770884.146
400144,國立臺灣戲曲學院(國中),25.0819234,121.586525,309165.1806,2774979.975
401302,私立方濟中學附設國中部,25.0773094,121.5905296,309571.3831,2774470.656
401303,私立達人女中附設國中部,25.0812081,121.5876596,309279.9794,2774901.24
403501,市立內湖國中,25.077035,121.5886895,309385.8858,2774439.452
403502,市立麗山國中,25.0816165,121.5756877,308072.0986,2774941.28
403503,市立三民國中,22.6465942,120.3071577,178790.3716,2505316.118
403504,市立西湖國中,25.0854627,121.5660775,307100.8713,2775363.216
403505,市立東湖國中,25.0721649,121.6194218,312488.6499,2773913.859
403506,市立明湖國中,25.0706196,121.6106431,311603.7864,2773738.662
411301,私立泰北高中附設國中部,25.097375,121.533898,303849.6125,2776669.486
411302,私立衛理女中附設國中部,25.1017466,121.5523894,305712.7343,2777161.213
411303,私立華興中學附設國中部,25.1050855,121.5385223,304312.6285,2777525.402
413301,市立陽明高中,25.0922121,121.5172424,302171.8678,2776091.075
413302,市立百齡高中,25.0870549,121.5229998,302754.8118,2775522.067
413501,市立士林國中,25.0944084,121.5226286,302714.2177,2776336.441
413502,市立蘭雅國中,25.110605,121.530897,303541.1613,2778133.732
413504,市立至善國中,24.1747541,120.6407391,213497.5891,2674423.729
413505,市立格致國中,25.1308499,121.546354,305090.9574,2780382.415
413506,市立福安國中,25.1032614,121.4878824,299205.9912,2777303.944
413508,市立天母國中,25.1180479,121.5381925,304273.6422,2778961.071
421301,私立薇閣高中附設國中部,25.1395247,121.5039712,300813.6741,2781326.657
421302,私立幼華高中附設國中部,25.1334354,121.4968537,300098.5141,2780649.504
421303,私立奎山實驗高中附設國中部,25.112998,121.5223028,302673.3919,2778395.416
423501,市立北投國中,25.134874,121.504529,300871.843,2780811.725
423502,市立新民國中,25.1382345,121.5063989,301058.9914,2781184.663
423503,市立明德國中,25.1081039,121.51852,302293.9779,2777851.843
423504,市立桃源國中,25.1347115,121.477338,298130.1863,2780783.747
423505,市立石牌國中,25.1149914,121.5141752,301852.8813,2778613.071
423506,市立關渡國中,25.1198994,121.4671378,297107.3613,2779139.468
513501,市立鹽埕國中,22.62268,120.288063,176815.103,2502677.27
521301,私立明誠高中附設國中部,22.666246,120.292014,177244.2205,2507499.571
521303,私立大榮高中附設國中部,22.6535429,120.2801989,176023.195,2506098.731
523301,市立鼓山高中附設國中部,22.6520055,120.2747089,175458.1146,2505931.229
523502,市立壽山國中,22.6331988,120.2784858,175836.2039,2503846.796
523503,市立明華國中,22.6619921,120.3011808,178184.0608,2507024.062
523504,市立七賢國中,22.6582398,120.2893006,176961.132,2506614.34
533501,市立左營國中,22.6789832,120.3065701,178746.7023,2508902.963
533502,市立大義國中,22.6744924,120.2926403,177312.9296,2508412.424
533503,市立立德國中,22.6902706,120.2911296,177166.0233,2510160.355
533504,市立龍華國中,22.6582679,120.3090667,178992.5874,2506607.879
533505,市立福山國中,22.6810596,120.3147648,179589.8366,2509128.985
533506,市立文府國中,22.6916224,120.316639,179787.804,2510297.761
540301,國立中山大學附屬國光高中,22.7082782,120.3050243,178603.0397,2512147.67
543501,市立楠梓國中,22.7352521,120.3273655,180911.8397,2515124.035
543502,市立右昌國中,22.713857,120.2866439,176717.6671,2512774.398
543503,市立後勁國中,22.7224362,120.3160079,179738.684,2513710.208
543504,市立國昌國中,22.7190654,120.2855881,176611.9792,2513351.673
543505,市立翠屏國中(小),22.7287207,120.2993544,178031.2246,2514414.107
551301,私立立志高中附設國中部,22.6533576,120.3264762,180779.3636,2506055.937
551303,私立南海月光實驗教育學校國中部,22.6350591,120.3355193,181699.7398,2504025.504
553501,市立鼎金國中,22.6557272,120.3206134,180177.9996,2506321.071
553502,市立三民國中,22.6465942,120.3071577,178790.3716,2505316.118
553503,市立民族國中,25.0111994,121.5388404,304386.1348,2767126.157
553504,市立陽明國中,22.6430211,120.3403786,182203.1376,2504904.94
553505,市立正興國中,22.6440037,120.3202613,180135.8811,2505023.051
563301,市立新興高中附設國中部,22.6243825,120.3041272,178467.3916,2502857.989
573501,市立前金國中,22.6295108,120.2907275,177092.6177,2503432.363
580301,國立高師附中附設國中部,22.6260694,120.3222549,180331.7505,2503036.191
581301,私立復華高中附設國中部,22.621182,120.313424,179421.46,2502499.152
581302,私立道明中學附設國中部,22.6338273,120.3228343,180395.2182,2503894.978
583301,市立中正高中附設國中部,22.6264157,120.3387528,182027.8628,2503066.914
583501,市立苓雅國中,22.618865,120.3062227,178679.9613,2502246.012
583502,市立五福國中,22.6290226,120.3170276,179795.8963,2503365.664
583503,市立大仁國中,22.6328466,120.3295691,181087.0111,2503783.249
583505,市立英明國中,22.6152283,120.3245424,180561.4563,2501834.654
593302,市立瑞祥高中附設國中部,22.6016779,120.3248846,180589.8393,2500334.019
593501,市立獅甲國中,22.6051402,120.3082764,178884.0331,2500725.239
593502,市立前鎮國中,22.5826842,120.3209996,180180.8245,2498232.608
593503,市立瑞豐國中,22.6111245,120.3313247,181256.6751,2501377.083
593504,市立光華國中,22.611216,120.3224586,180345.2097,2501391.333
593505,市立興仁國中,22.5861529,120.313349,179395.882,2498620.307
603501,市立旗津國中,22.5892428,120.2867117,176658.4692,2498975.315
610405,國立高雄餐旅大學附屬餐旅高中附設國中部,22.566209,120.371733,185390.0328,2496385.424
613501,市立小港國中,22.5662551,120.3384083,181962.8914,2496405.333
613502,市立鳳林國中,23.7444815,121.4489814,295770.1444,2626797.862
613503,市立中山國中,25.0606103,121.5455307,305039.359,2772601.887
613504,市立明義國中,22.5818301,120.3689451,185110.6351,2498116.386
714501,縣立金城國中,24.4314362,118.3129128,-22535.58043,2705449.349
714502,縣立金湖國中,24.4368176,118.4222112,-11433.91376,2705834.854
714503,縣立金寧國中(小),24.457112,118.327566,-20993.70941,2708266.3
714504,縣立金沙國中,24.4900719,118.4151699,-12038.00812,2711750.271
714505,縣立烈嶼國中,24.4302929,118.2420983,-29724.03477,2705463.96
724501,縣立介壽國中(小),26.1605191,119.9500716,145033.7166,2894752.947
724502,縣立中正國中(小),22.6720999,120.5086289,199507.1418,2508057.991
724503,縣立中山國中,26.2242954,119.9806588,148147.3559,2901794.414
724504,縣立敬恆國中(小),25.9706323,119.9336772,143222.5193,2873728.778
724505,縣立東引國中(小),26.3680983,120.4885787,198962.9843,2917425.89
