郵遞區號,局名,電腦局名,lat,lng,TWD97_X,TWD97_Y
116644,木柵郵局,臺北170支,24.98851,121.565528,307090.3016,2764623.935
116011,文山指南郵局,臺北171支,24.9876307,121.5763395,308182.1648,2764531.134
116005,文山溝子口郵局,臺北172支,24.987445,121.548406,305362.2704,2764498.873
116019,文山木新郵局,臺北173支,24.9804345,121.556331,306165.5098,2763725.613
223002,石碇郵局,臺北174支,24.99136,121.657573,316381.0001,2764981.519
222004,深坑郵局,臺北175支,25.0012477,121.6091976,311492.5318,2766053.929
221030,汐止龍安郵局,基隆43支,25.063807,121.65434,316015.8517,2773004.669
221007,汐止厚德郵局,基隆44支,25.0664749,121.642472,314817.0618,2773294.445
221039,汐止翠柏郵局,基隆45支,25.1125158,121.6032159,310833.767,2778376.02
221028,汐止南昌郵局,基隆46支,25.068871,121.6636089,316948.258,2773570.153
221683,汐止建成路郵局,基隆47支,25.07315,121.6635171,316936.6705,2774044.082
400700,臺中民權路郵局,臺中901支,24.139116,120.678871,217362.9254,2670467.368
402701,臺中臺中路郵局,臺中1支,24.1332801,120.6833992,217821.6795,2669819.993
403702,臺中中正路郵局,臺中2支,24.1475704,120.6735961,216829.0032,2671404.935
414703,烏日郵局,臺中3支,24.1054806,120.6247427,211851.7224,2666755.903
407705,東海大學郵局,臺中5支,24.1822618,120.5933214,208682.1187,2675268.407
413706,霧峰民生路郵局,臺中6支,24.0664433,120.7006288,219557.0606,2662413.996
100003,臺北北門郵局,臺北901支,25.0473639,121.5117532,301636.9889,2771121.324
100016,臺北東門郵局,臺北1支,25.0340699,121.528913,303374.2342,2769655.465
108207,臺北漢中街郵局,臺北2支,25.0413279,121.507015,301161.3908,2770450.945
108010,臺北西園郵局,臺北3支,25.0407723,121.5010534,300560.0412,2770387.164
100056,臺北南海郵局,臺北5支,25.0318307,121.5146612,301936.9587,2769401.897
100053,臺北螢橋郵局,臺北6支,25.0246327,121.5173708,302213.4483,2768605.652
106203,臺北青田郵局,臺北7支,25.026618,121.53114,303602.2093,2768830.933
100009,臺北復興橋郵局,臺北8支,25.0459863,121.519409,302410.0746,2770971.677
104202,臺北中山郵局,臺北9支,25.0514825,121.522115,302680.7749,2771581.517
103210,臺北迪化街郵局,臺北10支,25.054789,121.509986,301455.5718,2771943.095
103211,臺北圓環郵局,臺北11支,25.0546485,121.5144792,301908.9849,2771929.249
100211,行政院郵局,臺北12支,25.0469368,121.5207279,302542.7532,2771077.471
100046,臺北公館郵局,臺北13支,25.0144012,121.5344194,303938.5082,2767479.038
100006,國史館郵局,臺北14支,25.039598,121.511122,301576.5467,2770260.891
100004,總統府郵局,臺北15支,25.0403593,121.5122878,301693.8687,2770345.661
104218,臺北雙連郵局,臺北17支,25.059418,121.522528,302719.052,2772460.658
105047,臺北松山郵局,臺北18支,25.0498136,121.5741652,307933.4702,2771417.935
100205,臺北法院郵局,臺北20支,25.0380189,121.511288,301593.9584,2770086.045
103221,臺北臺北橋郵局,臺北21支,25.0627732,121.5127173,301727.8019,2772828.511
106209,臺北師大郵局,臺北22支,25.0264676,121.5274986,303234.7803,2768812.838
106216,臺大郵局,臺北23支,25.0152002,121.5375088,304249.9736,2767568.773
106240,臺北仁愛路郵局,臺北24支,25.0386721,121.5356019,304047.2275,2770167.884
100222,立法院郵局,臺北25支,25.043252,121.5198947,302460.2476,2770668.999
106096,臺北信維郵局,臺北26支,25.0334326,121.5477155,305271.9744,2769592.418
104282,臺北建北郵局,臺北27支,25.0549662,121.537218,304203.1457,2771973.357
111011,士林郵局,臺北28支,25.089177,121.5268704,303144.3285,2775758.641
116052,文山景美郵局,臺北29支,24.9924139,121.5408931,304601.624,2765046.206
100037,臺北古亭郵局,臺北30支,25.0236748,121.5247112,302954.6712,2768502.4
108240,臺北東園郵局,臺北31支,25.0233783,121.4975532,300213.9185,2768459.215
106236,臺北光華郵局,臺北32支,25.045035,121.5331169,303793.6873,2770871.684
100007,臺北南陽郵局,臺北33支,25.0445958,121.5159941,302066.0812,2770816.339
104102,臺北中崙郵局,臺北34支,25.0493989,121.5437189,304861.5512,2771359.31
108228,臺北莒光郵局,臺北35支,25.0313869,121.501124,300571.0133,2769347.616
105407,臺北光復郵局,臺北36支,25.047932,121.557611,306263.9699,2771202.532
104244,臺北大直郵局,臺北37支,25.0790058,121.5454534,305023.3404,2774639.453
111064,士林社子郵局,臺北42支,25.0824998,121.5104478,301490.5798,2775012.676
106231,臺北三張犁郵局,臺北43支,25.0334299,121.556385,306146.8643,2769595.686
106247,臺北成功郵局,臺北44支,25.0266775,121.5473349,305236.5902,2768844.031
105008,松山機場郵局,臺北45支,25.0636811,121.5518476,305675.3047,2772944.612
104297,臺北長安郵局,臺北46支,25.0485868,121.5348468,303966.6898,2771265.79
103247,臺北大同郵局,臺北47支,25.0644708,121.5188691,302347.7435,2773018.914
105063,臺北西松郵局,臺北48支,25.0515829,121.5667019,307179.5839,2771610.738
110204,臺北市府郵局,臺北49支,25.037531,121.5639969,306913.1328,2770053.126
103250,臺北大龍峒郵局,臺北50支,25.07606,121.5136689,301818.2192,2774300.597
110210,臺北松德郵局,臺北51支,25.0320543,121.574243,307949.6656,2769450.841
111029,士林天母郵局,臺北52支,25.1226571,121.5321676,303664.041,2779469.207
106233,臺北光武郵局,臺北53支,25.0430337,121.5455117,305045.2912,2770654.992
110017,臺北吳興郵局,臺北54支,25.0269119,121.566401,307160.6567,2768877.906
104223,臺北松江路郵局,臺北55支,25.0620693,121.5329738,303771.815,2772758.443
105015,臺北延壽郵局,臺北56支,25.0581482,121.5559691,306093.6459,2772333.458
106224,臺北六張犁郵局,臺北57支,25.0228652,121.553841,305894.9203,2768424.429
100213,臺北小南門郵局,臺北58支,25.0359087,121.5081728,301280.4763,2769851.125
111001,故宮郵局,臺北59支,25.1004265,121.5498091,305453.0812,2777013.928
103261,臺北保安郵局,臺北61支,25.0599141,121.5137663,301834.8397,2772512.223
100230,臺北火車站郵局,臺北64支,25.047702,121.5173735,302203.9559,2771160.93
104231,臺北圓山郵局,臺北65支,25.0649927,121.5258114,303047.9272,2773079.427
104288,臺北長春路郵局,臺北67支,25.0549617,121.530679,303543.3765,2771970.254
104226,臺北民權郵局,臺北68支,25.0626417,121.5218074,302644.9701,2772817.453
108212,臺北老松郵局,臺北70支,25.0380929,121.5041441,300873.0264,2770091.538
100048,臺北汀州郵局,臺北71支,25.011816,121.5358871,304087.7772,2767193.273
100062,臺北龍口郵局,臺北72支,25.0290827,121.5115966,301628.8397,2769096.343
111010,士林中正路郵局,臺北73支,25.0935053,121.5195942,302408.5364,2776235.228
108245,臺北萬大路郵局,臺北74支,25.01887,121.496784,300138.1195,2767959.569
116071,文山興隆路郵局,臺北75支,25.0007152,121.5489768,305413.9437,2765968.98
111063,士林後港郵局,臺北77支,25.0874136,121.518346,302285.2239,2775559.99
110068,臺北永吉郵局,臺北78支,25.0455053,121.5710135,307617.4694,2770939.376
108022,臺北華江橋郵局,臺北79支,25.0352855,121.4929482,299744.3656,2769776.416
110054,臺北逸仙郵局,臺北80支,25.040346,121.561762,306686.3096,2770363.994
105039,臺北體育場郵局,臺北81支,25.051551,121.5480709,305299.7136,2771599.461
106238,臺北正義郵局,臺北82支,25.041541,121.5381467,304302.7632,2770486.678
111020,士林蘭雅郵局,臺北83支,25.1046156,121.5268735,303137.9711,2777468.718
100023,臺北杭南郵局,臺北84支,25.0420822,121.5263438,303111.5131,2770541.941
111002,東吳大學郵局,臺北86支,25.094415,121.545748,305046.1658,2776346.394
105065,臺北民生郵局,臺北87支,25.0593415,121.5656544,307070.2969,2772469.686
106335,臺灣科大郵局,臺北90支,25.0130898,121.5401282,304515.2827,2767336.065
106201,臺北金南郵局,臺北91支,25.0318173,121.5245671,302936.6348,2769404.249
100011,臺北中正堂郵局,臺北92支,25.0367564,121.519047,302377.4673,2769949.183
116063,文山武功郵局,臺北93支,25.0040378,121.5389167,304396.9903,2766332.933
108050,臺北青年郵局,臺北95支,25.0249068,121.5081939,301287.1789,2768632.506
106421,臺北安和郵局,臺北96支,25.0307687,121.5525742,305763.4976,2769299.342
116059,文山萬盛郵局,臺北97支,25.0080629,121.5366277,304164.1745,2766777.857
110028,臺北永春郵局,臺北99支,25.040661,121.576702,308193.7597,2770405.225
100216,監察院郵局,臺北100支,25.0452209,121.5199946,302469.4904,2770887.124
105005,臺北榮星郵局,臺北101支,25.0618426,121.5457312,305059.0374,2772738.465
104247,臺北北安郵局,臺北104支,25.0826554,121.5498429,305464.5012,2775045.5
111035,士林芝山郵局,臺北105支,25.1114041,121.5373205,304188.6336,2778224.809
111035,士林法院郵局,臺北106支,25.1118734,121.5334923,303802.3479,2778275.26
100005,臺北中山堂郵局,臺北107支,25.0430196,121.5091079,301371.878,2770639.119
106230,臺北敦南郵局,臺北108支,25.040612,121.5508815,305588.2376,2770388.946
110202,臺北世貿郵局,臺北109支,25.0332591,121.562324,306746.2816,2769579.244
100214,臺北南門郵局,臺北110支,25.0347701,121.5105004,301515.8374,2769725.891
116080,文山萬芳郵局,臺北111支,24.9981076,121.5586064,306387.1693,2765684.119
104112,臺北興安郵局,臺北112支,25.0563272,121.5439148,304878.233,2772126.809
100225,臺大醫院郵局,臺北115支,25.0401837,121.5189278,302363.9833,2770328.763
111002,士林外雙溪郵局,臺北116支,25.107,121.565204,307002.7768,2777748.463
106245,臺北大安郵局,臺北117支,25.0337246,121.5383024,304321.9173,2769620.952
105017,臺北台塑郵局,臺北118支,25.0577028,121.5510449,305597.0173,2772282.09
100218,臺北中聯郵局,臺北120支,25.0422099,121.51947,302417.8353,2770553.406
104262,臺北龍江路郵局,臺北121支,25.0631971,121.5410122,304582.3263,2772886.585
104237,國防部郵局,臺北122支,25.079796,121.5432099,304796.6682,2774726.069
111013,士林劍潭郵局,臺北123支,25.0817353,121.5239063,302848.5361,2774933.191
112091,陽明山郵局,臺北124支,25.1512299,121.5461116,305057.3733,2782639.751
111396,文化大學郵局,臺北125支,25.1359859,121.5389375,304340.8363,2780948.306
111068,士林社新里郵局,臺北126支,25.089378,121.505847,301023.622,2775772.801
110065,臺北信義郵局,臺北128支,25.033806,121.567224,307240.5161,2769641.884
111021,士林名山里郵局,臺北129支,25.1017472,121.5283279,303285.9007,2777151.569
112006,北投郵局,臺北131支,25.1355094,121.5027857,300695.8002,2780881.45
112063,北投石牌郵局,臺北133支,25.1173631,121.5163968,302075.9213,2778876.631
112020,北投關渡郵局,臺北134支,25.121555,121.4668855,297081.284,2779322.764
112058,北投舊北投郵局,臺北135支,25.1285071,121.5013167,300550.561,2780105.278
112201,北投榮總郵局,臺北136支,25.1192105,121.5203822,302477.0462,2779082.805
112047,北投文林郵局,臺北137支,25.1056629,121.517672,302209.4902,2777581.135
112015,北投山腳郵局,臺北138支,25.1437118,121.4981032,300220.3012,2781788.25
112034,北投實踐郵局,臺北139支,25.1145713,121.5093483,301366.2716,2778564.693
112051,北投致遠郵局,臺北140支,25.1100915,121.514895,301927.5421,2778070.604
112013,北投文化郵局,臺北141支,25.1373865,121.4974688,300158.9225,2781087.382
112040,北投明德郵局,臺北142支,25.113253,121.5221483,302657.7013,2778423.601
112036,北投尊賢郵局,臺北143支,25.1175046,121.5068224,301110.3178,2778888.645
112005,北投奇岩郵局,臺北144支,25.1251093,121.5077181,301197.4769,2779731.33
112018,北投豐年郵局,臺北145支,25.1383282,121.4892558,299330.4284,2781188.662
112018,北投一德郵局,臺北146支,25.1278777,121.4679751,297188.7333,2780023.485
112304,臺北陽明交大郵局,臺北147支,25.1195749,121.5143859,301872.1953,2779120.85
114020,內湖郵局,臺北148支,25.0693178,121.5880759,309327.7038,2773584.374
114023,內湖碧湖郵局,臺北149支,25.0818599,121.5891581,309430.8289,2774974.096
114026,內湖週美郵局,臺北150支,25.0549969,121.58012,308531.8632,2771994.632
114035,內湖文德郵局,臺北151支,25.0782557,121.5797027,308478.7144,2774570.747
114052,內湖金龍郵局,臺北152支,25.086778,121.589985,309511.8654,2775519.223
114004,內湖西湖郵局,臺北153支,25.0823114,121.568353,307331.8763,2775015.12
114054,內湖東湖郵局,臺北154支,25.0681908,121.6178712,312334.2295,2773472.944
114041,內湖大湖郵局,臺北155支,25.0843035,121.6006705,310590.9567,2775249.878
114063,內湖江南郵局,臺北156支,25.0765239,121.574047,307908.9861,2774376.486
114061,內湖北勢湖郵局,臺北157支,25.0847519,121.5614324,306632.6322,2775282.528
114066,內湖舊宗郵局,臺北158支,25.0622756,121.5779816,308312.6573,2772799.944
114046,內湖康寧郵局,臺北159支,25.0723614,121.6075176,311287.6006,2773930.175
114202,內湖三總郵局,臺北160支,25.0718315,121.5899564,309516.2064,2773863.634
115008,南港昆陽郵局,臺北161支,25.0498669,121.5926212,309795.7035,2771431.867
115024,中研院郵局,臺北162支,25.0428717,121.6165245,312211.1443,2770667.809
115004,南港港三郵局,臺北164支,25.0532733,121.5870406,309230.969,2771806.727
115021,南港富康郵局,臺北165支,25.0538742,121.6034144,310882.7877,2771880.555
115006,南港同德郵局,臺北166支,25.0462709,121.5856201,309090.9976,2771030.476
115029,南港郵局,臺北167支,25.0538742,121.6034144,310882.7877,2771880.555
115005,南港福德郵局,臺北168支,25.0394256,121.58771,309305.1724,2770273.163
115025,南港後山埤郵局,臺北169支,25.0448713,121.582693,308796.3044,2770874.173
116301,世新大學郵局,臺北176支,24.9884927,121.5439091,304907.8284,2764613.093
100020,臺北仁杭郵局,臺北177支,25.0375759,121.524648,302942.3273,2770042.134
116018,文山樟腳里郵局,臺北178支,24.9825009,121.5647256,307012.0684,2763958
116302,政大郵局,臺北179支,24.9861185,121.5774023,308290.1711,2764364.091
223011,石碇華梵大學郵局,臺北180支,24.9811056,121.6908051,319741.618,2763862.35
222001,深坑草地尾郵局,臺北181支,25.0045344,121.5991767,310479.3869,2766413.475
226001,平溪郵局,臺北182支,25.0258559,121.738749,324555.0435,2768844.747
116025,文山萬美街郵局,臺北183支,25.0021799,121.5684884,307382.8133,2766139.335
893013,金門郵局,臺北184支,24.4329669,118.3205042,-21761.97254,2705604.07
890006,金門沙美郵局,臺北185支,24.489126,118.414392,-12118.86579,2711646.915
892009,金門金寧郵局,臺北186支,24.450086,118.3360828,-20144.66346,2707470.917
894021,金門烈嶼郵局,臺北187支,24.4295078,118.2475773,-29169.76625,2705365.875
891003,金門尚義郵局,臺北188支,24.4290517,118.3596702,-17796.04681,2705093.773
209002,馬祖郵局,臺北189支,26.1573654,119.9422553,144249.3858,2894409.883
209004,馬祖馬港郵局,臺北190支,26.158251,119.918152,141840.2419,2894527.839
115603,南港軟體園區郵局,臺北191支,25.0568029,121.6118802,311735.5163,2772208.794
104252,臺北樂群二路郵局,臺北192支,25.0801555,121.5572562,306213.4625,2774771.658
891005,金門山外郵局,臺北250支,24.4423152,118.4153891,-12114.72795,2706457.052
211041,馬祖西莒郵局,臺北253支,25.9691879,119.9360209,143455.9238,2873566.844
210005,馬祖北竿郵局,臺北254支,26.224575,119.9972491,149805.4042,2901812.463
211091,馬祖東莒郵局,臺北255支,25.9566259,119.9772026,147569.1512,2872142.244
212041,馬祖東引郵局,臺北256支,26.3668998,120.4876771,198872.4808,2917293.471
896001,金門烏坵郵局,臺北257支,24.9944743,119.451303,93655.21507,2766058.476
200009,基隆愛三路郵局,基隆901支,25.130212,121.7439353,325014.8482,2780407.032
202005,基隆港東郵局,基隆1支,25.1341957,121.7455897,325179.237,2780849.227
200002,基隆港西街郵局,基隆2支,25.1336808,121.7408074,324697.3244,2780789.535
206005,基隆七堵郵局,基隆3支,25.0970707,121.7127665,321891.2132,2776719.034
202008,基隆中正郵局,基隆4支,25.1510733,121.7664162,327268.6666,2782730.534
203001,基隆新民郵局,基隆5支,25.1305537,121.7363772,324252.492,2780440.701
202008,基隆和平島郵局,基隆6支,25.1548806,121.7654093,327164.7541,2783151.694
202301,海洋大學郵局,基隆7支,25.15044,121.7755731,328192.288,2782665.664
205002,基隆過港路郵局,基隆8支,25.1051754,121.7377734,324408.6489,2777630.329
200002,基隆孝三路郵局,基隆9支,25.130428,121.739696,324587.2311,2780428.608
203004,基隆中山郵局,基隆10支,25.14522,121.738599,324467.6381,2782066.509
202012,基隆八斗子郵局,基隆11支,25.1399978,121.7962893,330287.7853,2781521.149
201012,基隆信義郵局,基隆12支,25.1295447,121.7534923,325978.9783,2780338.464
201013,基隆東信路郵局,基隆13支,25.1282127,121.7638399,327023.2614,2780196.786
206007,基隆六堵郵局,基隆14支,25.088355,121.703405,320951.9874,2775748.659
202005,基隆安瀾橋郵局,基隆15支,25.1427811,121.7610311,326730.9149,2781808.929
200012,基隆仁二路郵局,基隆16支,25.1274428,121.750405,325668.9515,2780103.902
200003,基隆光二路郵局,基隆17支,25.1272943,121.7371781,324335.2263,2780080.1
204017,基隆樂利郵局,基隆18支,25.126688,121.71585,322184.8363,2780001.359
200007,基隆南榮路郵局,基隆19支,25.1257172,121.7426484,324887.8192,2779908.43
205008,基隆碇內郵局,基隆20支,25.0995529,121.7581825,326470.5957,2777018.929
204011,基隆安樂路郵局,基隆21支,25.121575,121.723965,323006.2027,2779439.362
203010,基隆復興路郵局,基隆22支,25.1418582,121.7268869,323288.7574,2781687.706
206009,基隆百福郵局,基隆24支,25.0842091,121.6978288,320391.8734,2775286.507
202003,基隆三沙灣郵局,基隆25支,25.1383356,121.7522714,325850.4327,2781311.545
204007,基隆大武崙郵局,基隆26支,25.1402316,121.7118286,321771.3966,2781499.429
228003,貢寮郵局,基隆28支,25.0196061,121.908759,341718.0546,2768256.813
228004,貢寮澳底郵局,基隆29支,25.0536745,121.9240451,343235.157,2772041.064
207003,萬里郵局,基隆30支,25.1791961,121.6892726,319475,2785803.687
205004,基隆暖暖郵局,基隆31支,25.0992628,121.7355512,324188.0865,2776974.172
208005,金山郵局,基隆32支,25.2191772,121.6399445,314481.7915,2790207.823
227004,雙溪郵局,基隆33支,25.0361603,121.8653214,337322.1025,2770061.819
224001,瑞芳郵局,基隆34支,25.1069679,121.80828,331518.7432,2777869.595
224008,瑞芳九份郵局,基隆35支,25.1083383,121.8438688,335107.2518,2778043.356
224005,瑞芳四腳亭郵局,基隆36支,25.1006538,121.7618075,326835.5407,2777142.933
224010,瑞芳金瓜石郵局,基隆37支,25.108306,121.857731,336505.3948,2778048.589
202014,基隆新豐街郵局,基隆38支,25.1355277,121.7852193,329174.4635,2781019.449
221036,汐止郵局,基隆39支,25.0753702,121.6737308,317965.8498,2774295.105
221006,汐止樟樹灣郵局,基隆41支,25.0586841,121.6374812,314317.609,2772429.097
221017,汐止社后郵局,基隆42支,25.0680392,121.630716,313630.1951,2773462.134
413708,霧峰郵局,臺中8支,24.0617765,120.6984659,219336.0057,2661897.622
428709,大雅清泉崗郵局,臺中9支,24.2346022,120.6209481,211504.7005,2681057.316
411710,太平長億郵局,臺中10支,24.119952,120.719691,221507.3343,2668336.052
412711,大里仁化郵局,臺中11支,24.093307,120.703284,219833.3549,2665388.559
411713,太平坪林郵局,臺中13支,24.1450882,120.7342441,222991.9048,2671117.002
411714,太平竹仔坑郵局,臺中14支,24.1052183,120.7289779,222448.1746,2666702.445
404715,臺中育才郵局,臺中15支,24.1510654,120.6847806,217966.5139,2671789.405
403716,臺中法院郵局,臺中16支,24.1352861,120.6754799,217017.2953,2670044
402717,臺中國光路郵局,臺中17支,24.122648,120.6795442,217427.1744,2668643.377
400718,臺中公園路郵局,臺中18支,24.142199,120.684707,217956.8239,2670807.464
408719,臺中南屯路郵局,臺中19支,24.138085,120.643531,213770.9203,2670361.87
402720,臺中福平里郵局,臺中20支,24.1272619,120.6658483,216036.2583,2669157.618
412721,大里郵局,臺中21支,24.1030489,120.6887817,218361.3124,2666470.664
428722,大雅郵局,臺中22支,24.2234574,120.6477801,214226.5825,2679815.87
401723,臺中力行路郵局,臺中23支,24.1511098,120.6957793,219084.2507,2671791.85
401724,臺中旱溪郵局,臺中24支,24.1406836,120.7022252,219736.85,2670635.738
407725,臺中逢甲郵局,臺中25支,24.175272,120.649134,214350.6972,2674478.923
404726,臺中雙十路郵局,臺中26支,24.1571551,120.6904285,218541.9644,2672462.561
406727,臺中水湳郵局,臺中27支,24.1774757,120.6696526,216436.0562,2674717.909
412728,大里內新郵局,臺中28支,24.11236,120.6900994,218497.5498,2667501.57
408729,臺中嶺東郵局,臺中29支,24.1399145,120.6131749,210686.2625,2670572.672
407730,臺中西屯郵局,臺中30支,24.1766902,120.6376427,213183.5345,2674638.966
404731,臺中五權路郵局,臺中31支,24.1521069,120.6785953,217338.2066,2671906.18
412732,大里草湖郵局,臺中32支,24.0889354,120.6952682,219017.345,2664906.152
401733,臺中大智郵局,臺中33支,24.1317253,120.6897059,218462.2958,2669646.365
411734,太平郵局,臺中34支,24.1299792,120.7196956,221510.0225,2669446.562
406735,臺中北屯郵局,臺中35支,24.1627614,120.6911505,218616.7029,2673083.3
408736,臺中東興路郵局,臺中36支,24.1414296,120.6531416,214748.6014,2670729.835
404737,臺中漢口路郵局,臺中37支,24.167123,120.671302,216600.9462,2673570.944
402738,臺中樹仔腳郵局,臺中38支,24.1144553,120.654697,214899.3191,2667742.031
406739,臺中四張犁郵局,臺中39支,24.1947757,120.6798253,217474.0164,2676631.498
403740,臺中公益路郵局,臺中40支,24.150631,120.660753,215524.6263,2671747
406741,臺中大坑口郵局,臺中41支,24.1700369,120.6996193,219478.9826,2673887.193
401742,臺中進化路郵局,臺中42支,24.1468305,120.694579,218961.2386,2671318.181
411743,太平宜欣郵局,臺中43支,24.1497593,120.7125588,220789.1328,2671638.679
407744,臺中何厝郵局,臺中44支,24.1646038,120.6542684,214869.4566,2673296.111
402745,臺中南和路郵局,臺中45支,24.116098,120.66892,216345.5536,2667920.473
407746,臺中工業區郵局,臺中46支,24.1696976,120.6066321,210030.5659,2673873.036
408747,臺中黎明郵局,臺中47支,24.153462,120.633725,212778.7498,2672067.455
406749,臺中敦化路郵局,臺中49支,24.185973,120.6647926,215944.5223,2675660.168
403750,臺中大全街郵局,臺中50支,24.1362221,120.6711825,216580.7677,2670148.68
404753,臺中淡溝郵局,臺中53支,24.1569959,120.670337,216500.2502,2672449.591
406754,臺中軍功郵局,臺中54支,24.175648,120.7210104,221653.7359,2674504.126
404755,臺中健行路郵局,臺中55支,24.1591862,120.6860556,218098.1005,2672688.496
412757,大里永隆郵局,臺中57支,24.1053018,120.6787406,217341.0908,2666722.473
414759,烏日明道郵局,臺中59支,24.1055625,120.6405626,213459.9952,2666760.762
411760,太平永豐路郵局,臺中60支,24.113904,120.703535,219863.6941,2667669.615
407761,臺中永安郵局,臺中61支,24.1906027,120.6123475,210617.7203,2676186.686
406763,臺中文心路郵局,臺中63支,24.171604,120.6883333,218332.6162,2674063.258
403765,臺中英才郵局,臺中65支,24.144563,120.665928,216048.9275,2671073.702
406766,臺中松竹郵局,臺中66支,24.1854057,120.6993366,219453.9161,2675589.361
407767,臺中大隆路郵局,臺中67支,24.1564627,120.6529605,214734.3217,2672394.806
414768,烏日溪壩郵局,臺中68支,24.0613447,120.6433602,213731.9596,2661862.924
407769,臺中福安郵局,臺中69支,24.1834782,120.6185585,211246.5604,2675395.901
408770,臺中向上郵局,臺中70支,24.1465974,120.6413324,213549.8815,2671305.194
428771,大雅馬岡厝郵局,臺中71支,24.2174294,120.6680949,216288.2962,2679143.206
428728,臺中中科郵局,臺中128支,24.2097656,120.6185631,211254.9719,2678307.272
704401,臺南成功路郵局,臺南901支,22.9981078,120.2037241,168368.9632,2544295.226
702005,臺南西門路郵局,臺南1支,22.9867928,120.1973668,167710.3515,2543045.752
700022,臺南水交社郵局,臺南2支,22.9814832,120.2044849,168436.9768,2542453.791
700008,臺南興華街郵局,臺南3支,22.992647,120.2111789,169129.9808,2543686.366
708001,臺南安平郵局,臺南4支,23.0026201,120.162937,164190.2816,2544818.212
700015,臺南中正路郵局,臺南5支,22.9922186,120.2022914,168218.5345,2543643.853
717005,仁德車路墘郵局,臺南6支,22.9189746,120.227351,170745.105,2535519.105
701401,成功大學郵局,臺南7支,22.997265,120.219981,170035.1322,2544192.937
710012,永康網寮郵局,臺南8支,22.998719,120.235215,171597.7748,2544345.726
711013,歸仁郵局,臺南9支,22.9664967,120.294692,177678.1552,2540746.91
710056,永康郵局,臺南10支,23.0280775,120.2569788,173845.4716,2547585.404
710027,永康六甲頂郵局,臺南11支,23.0225156,120.2170925,169753.9367,2546990.774
701033,臺南德高厝郵局,臺南12支,22.9674483,120.2274188,170780.2774,2540887.007
700018,臺南永樂郵局,臺南13支,23.0001919,120.1924229,167211.6269,2544532.357
700003,臺南友愛街郵局,臺南14支,22.9928213,120.1937269,167340.8244,2543715.397
700280,臺南南門路郵局,臺南15支,22.9887659,120.2047144,168464.8797,2543260.151
717017,仁德太子郵局,臺南16支,22.9910291,120.2603438,174169.6703,2543480.937
704033,臺南西華郵局,臺南17支,22.9996031,120.208236,168832.42,2544458.312
701001,臺南東城郵局,臺南18支,22.9862199,120.2169965,169722.6288,2542971.432
704016,臺南開元路郵局,臺南19支,23.0070264,120.219776,170019.8679,2545274.028
702029,臺南大同路郵局,臺南20支,22.9745095,120.2141777,169426.6745,2541676.169
710031,永康二王郵局,臺南21支,23.0209081,120.245645,172679.7004,2546797.404
700006,臺南普濟郵局,臺南22支,22.9982616,120.2005654,168045.224,2544314.02
702018,臺南灣裡郵局,臺南23支,22.9322091,120.180997,165998.2584,2537010.413
717006,仁德二空郵局,臺南24支,22.9585821,120.2232073,170343.2222,2539907.446
704007,臺南大光郵局,臺南25支,23.0129871,120.218083,169849.8338,2545935.042
701017,臺南東門郵局,臺南26支,22.9848581,120.2238241,170421.8602,2542816.907
717009,仁德郵局,臺南27支,22.9697074,120.2523353,173336.5682,2541123.95
701045,臺南東寧路郵局,臺南28支,22.9903024,120.2276129,170813.5011,2543417.758
704005,臺南北小北郵局,臺南29支,23.016506,120.2111729,169143.5826,2546328.523
710037,永康大灣郵局,臺南30支,23.0062363,120.2688858,175053.8349,2545160.579
709019,臺南和順郵局,臺南31支,23.0655132,120.2181778,169890.6168,2551751.766
710042,永康鹽行郵局,臺南32支,23.0416887,120.2398998,172102.7463,2549101.695
702011,臺南鹽埕郵局,臺南33支,22.9683991,120.1904135,166986.1978,2541012.744
709001,臺南安順郵局,臺南34支,23.034813,120.21319,169361.2388,2548354.739
702034,臺南新義郵局,臺南35支,22.9698301,120.183141,166241.3329,2541175.344
709020,臺南安南郵局,臺南36支,23.047924,120.18132,166102.9073,2549824.578
702006,臺南金華郵局,臺南37支,22.9817029,120.1926987,167228.6329,2542484.72
709030,臺南海佃郵局,臺南38支,23.0228323,120.1914251,167123.1657,2547040.137
709031,臺南土城郵局,臺南39支,23.0649598,120.1284035,160691.0615,2551742.488
701014,臺南小東郵局,臺南40支,22.9985632,120.2294877,171010.5231,2544331.547
710039,永康大橋郵局,臺南42支,23.0112401,120.231836,171258.6265,2545734.123
710047,永康崑山郵局,臺南43支,23.000881,120.259207,174058.6308,2544572.518
717018,仁德後壁厝郵局,臺南45支,22.9539803,120.2520264,173296.023,2539382.508
710001,永康王行郵局,臺南46支,23.0491136,120.2744253,175645.2303,2549905.97
709003,臺南原佃郵局,臺南47支,23.0443281,120.197413,167749.9859,2549417.228
704026,臺南文元郵局,臺南48支,23.012154,120.195135,167496.9426,2545855.519
701022,臺南虎尾寮郵局,臺南49支,22.9826622,120.2373227,171804.6102,2542566.476
711012,歸仁南保郵局,臺南50支,22.9682212,120.2818988,176367.2347,2540944.237
718005,關廟郵局,臺南59支,22.9607763,120.3291965,181213.4477,2540096.866
719012,龍崎郵局,臺南60支,22.9652706,120.3604365,184419.1702,2540580.261
718006,關廟文衡路郵局,臺南61支,22.960784,120.3261558,180901.6375,2540099.146
708008,臺南新南郵局,臺南62支,22.9906863,120.1815411,166090.157,2543485.885
708202,臺南地方法院郵局,臺南63支,22.985069,120.1718371,165091.726,2542869.405
708014,臺南育平郵局,臺南64支,22.9929974,120.1673732,164639.0209,2543749.994
800012,新興郵局,高雄901支,22.6310684,120.303811,178438.3478,2503598.495
813016,左營華夏路郵局,高雄1支,22.673113,120.298869,177952.2823,2508256.644
802634,苓雅郵局,高雄2支,22.614825,120.297629,177794.392,2501802.789
805002,旗津郵局,高雄3支,22.6125109,120.2693897,174889.9508,2501560.501
803004,鹽埕郵局,高雄5支,22.623052,120.284273,176425.6865,2502720.33
811026,楠梓郵局,高雄6支,22.728428,120.325831,180750.7858,2514369.087
813006,左營郵局,高雄7支,22.690181,120.293515,177411.0764,2510149.265
807001,高雄站前郵局,高雄8支,22.638437,120.301407,178195.0596,2504415.604
804002,鼓山郵局,高雄9支,22.622011,120.273422,175309.636,2502610.457
801649,前金郵局,高雄10支,22.6310066,120.2960779,177643.3976,2503595.389
804012,高雄內惟郵局,高雄11支,22.6555736,120.2792697,175928.7834,2506324.062
814040,仁武台塑郵局,高雄12支,22.7059261,120.3350318,181684.7343,2511873.088
813007,左營南站郵局,高雄13支,22.6821638,120.2881571,176856.2963,2509264.112
813009,左營果貿郵局,高雄14支,22.6713324,120.2899715,177037.0067,2508063.811
801751,高雄社東郵局,高雄16支,22.626137,120.2951301,177543.4166,2503056.621
807020,高雄德智郵局,高雄17支,22.6435459,120.3111508,179199.2298,2504976.663
806604,前鎮郵局,高雄18支,22.588939,120.3062771,178670.1316,2498932.185
802721,高雄市府郵局,高雄19支,22.6204269,120.3120149,179276.2164,2502416.205
804006,高雄鼓岩郵局,高雄20支,22.6372722,120.2807645,176072.6174,2504296.727
806601,高雄廣澤郵局,高雄21支,22.615815,120.310574,179125.7257,2501906.199
803001,高雄府北郵局,高雄23支,22.6295034,120.2843137,176433.3037,2503434.699
807003,高雄三塊厝郵局,高雄24支,22.635638,120.293717,177403.1435,2504109.391
811001,楠梓莒光郵局,高雄25支,22.7098639,120.2987375,177957.9847,2512326.301
806614,前鎮加工區郵局,高雄26支,22.6012403,120.2912591,177132.3721,2500301.609
800314,高雄青年郵局,高雄27支,22.6250183,120.3083021,178896.8944,2502926.394
807057,高雄灣仔內郵局,高雄28支,22.6478773,120.3174427,179848.1409,2505453.315
812003,小港郵局,高雄29支,22.5642042,120.3368631,181802.9716,2496178.938
802561,高雄師大郵局,高雄30支,22.6255316,120.3199322,180092.7106,2502977.728
807011,高雄九如二路郵局,高雄32支,22.641674,120.293831,177418.0327,2504777.725
802025,高雄五塊厝郵局,高雄33支,22.6222465,120.3303987,181167.0097,2502609.083
815007,大社郵局,高雄34支,22.7312656,120.3469751,182924.1144,2514673.587
811033,楠梓藍田郵局,高雄35支,22.7302232,120.2923277,177310.2257,2514583.914
806601,高雄西甲郵局,高雄36支,22.6098006,120.309985,179062.0892,2501240.485
812201,小港機場郵局,高雄37支,22.5712279,120.3404126,182171.4501,2496955.07
806604,高雄草衙郵局,高雄38支,22.583617,120.322546,180340.3095,2498335.176
806016,高雄籬仔內郵局,高雄39支,22.6054131,120.32879,180993.2379,2500745.815
802320,高雄正言郵局,高雄40支,22.629859,120.326762,180796.9665,2503453.724
800009,高雄順昌郵局,高雄41支,22.6338757,120.3142402,179511.8394,2503904.381
802662,高雄林華郵局,高雄42支,22.6191196,120.3208255,180181.3024,2502267.287
811009,楠梓右昌郵局,高雄43支,22.7146451,120.2888518,176944.9089,2512860.58
806604,高雄佛公郵局,高雄44支,22.5734846,120.3226244,180343.2781,2497213.153
812039,高雄大林蒲郵局,高雄45支,22.5264512,120.3465394,182779.8323,2491994.095
804055,高雄前峰郵局,高雄46支,22.668007,120.286247,176652.4926,2507697.408
812401,高雄中鋼郵局,高雄47支,22.5598282,120.3556897,183737.068,2495685.898
807046,高雄民族社區郵局,高雄48支,22.6403945,120.3164571,179743.0335,2504625.183
807399,高雄站後郵局,高雄49支,22.6421781,120.3031043,178371.4626,2504829.053
807031,高雄大順郵局,高雄50支,22.64344,120.326252,180751.3479,2504957.831
812402,高雄台船郵局,高雄51支,22.552346,120.345619,182697.7034,2494861.883
814013,仁武郵局,高雄52支,22.7016583,120.3489736,183115.0114,2511394.148
807056,高雄建工郵局,高雄53支,22.6511467,120.3304015,181181.6929,2505809.295
807375,高雄博愛路郵局,高雄54支,22.650984,120.3039731,178465.3243,2505803.746
813018,左營新莊仔郵局,高雄55支,22.6649353,120.3052464,178603.41,2507348.016
807070,高雄鼎泰郵局,高雄56支,22.6651723,120.3162269,179731.9837,2507369.029
811299,海軍官校郵局,高雄57支,22.7046131,120.2923404,177298.0028,2511747.974
806602,高雄英德街郵局,高雄58支,22.6139482,120.3214691,180244.8582,2501694.34
804201,中山大學郵局,高雄59支,22.628388,120.264737,174420.2919,2503320.99
802007,高雄武廟郵局,高雄60支,22.6306117,120.3296251,181091.6532,2503535.745
807033,高雄民壯郵局,高雄61支,22.638907,120.340729,182237.1354,2504449.213
812009,高雄二苓郵局,高雄62支,22.569247,120.347754,182925.4665,2496732.404
807066,高雄大昌郵局,高雄63支,22.6570256,120.3219962,180320.773,2506464.199
802675,高雄文化中心郵局,高雄64支,22.622842,120.316225,179710.2503,2502681.644
804012,高雄民強郵局,高雄65支,22.6489754,120.2792122,175919.3336,2505593.443
811016,楠梓後勁郵局,高雄66支,22.718122,120.310145,179134.1906,2513235.265
807577,高雄義民郵局,高雄67支,22.6459314,120.3300567,181143.6544,2505231.946
804051,高雄瑞豐郵局,高雄68支,22.665127,120.291899,177231.812,2507375.715
800004,高雄新田郵局,高雄69支,22.6222064,120.3038159,178434.2639,2502617.172
811605,楠梓亞洲城郵局,高雄70支,22.7163451,120.296655,177747.4399,2513045.008
807378,高雄醫學大學郵局,高雄72支,22.6453863,120.3102147,179103.9576,2505180.903
804614,高雄高分院郵局,高雄73支,22.6619655,120.2990997,177970.1699,2507022.123
813414,左營榮總郵局,高雄74支,22.6797767,120.3223911,180372.842,2508983.33
812035,高雄高松郵局,高雄75支,22.5744465,120.3713728,185356.8306,2497297.733
801762,高雄地方法院郵局,高雄76支,22.626945,120.290587,177076.8214,2503148.311
805006,高雄中洲郵局,高雄77支,22.5762952,120.2957071,177576.6568,2497537.191
812020,高雄宏平郵局,高雄78支,22.569996,120.360411,184227.459,2496809.71
807076,高雄鼎金郵局,高雄79支,22.668172,120.3218973,180316.2374,2507698.528
807005,高雄中都郵局,高雄81支,22.6384757,120.288448,176863.0401,2504426.2
804605,高雄凹仔底郵局,高雄82支,22.6632282,120.3011326,178179.7506,2507160.964
811022,楠梓建楠郵局,高雄83支,22.727281,120.329878,181165.9245,2514240.19
806602,高雄崗山仔郵局,高雄84支,22.6091046,120.3349807,181631.5449,2501151.732
812050,高雄中林子郵局,高雄85支,22.5290082,120.3659428,184777.0801,2492268.642
840203,義守大學郵局,高雄86支,22.7271723,120.4058219,188966.9468,2514194.9
812675,高雄桂林郵局,高雄87支,22.5832788,120.3580803,183994.0996,2498281.57
813371,左營菜公郵局,高雄88支,22.679343,120.308766,178972.5348,2508941.754
813031,左營福山郵局,高雄89支,22.6850231,120.316869,179808.0753,2509566.884
814240,仁武仁雄郵局,高雄90支,22.6773338,120.3559159,183816.5888,2508697.498
811512,高雄高等行政法院郵局,高雄91支,22.731406,120.335807,181777.0092,2514694.23
813011,高雄郵件中心郵局,高雄92支,22.6772406,120.3180753,179928.0719,2508704.527
811014,楠梓翠屏郵局,高雄93支,22.7269353,120.3100854,179132.6074,2514211.232
806604,高雄君毅郵局,高雄94支,22.601496,120.3063301,178682.0496,2500322.635
814036,仁武八德郵局,高雄95支,22.6809682,120.339935,182176.1947,2509107.155
825006,橋頭新市鎮郵局,高雄163支,22.7384544,120.3049089,178606.844,2515489.283
811646,楠梓加工區郵局,高雄164支,22.7198704,120.3051435,178621.2974,2513431.272
600013,嘉義文化路郵局,嘉義901支,23.4779289,120.4500827,193826.552,2597314.598
600011,嘉義中山路郵局,嘉義1支,23.4819198,120.457764,194612.8711,2597753.583
608009,水上南靖郵局,嘉義2支,23.4131852,120.3854819,187196.8883,2590171.364
608007,水上中庄郵局,嘉義3支,23.4210533,120.4369018,192455.474,2591021.237
600005,嘉義站前郵局,嘉義4支,23.4784977,120.4433206,193136.0399,2597380.246
600006,嘉義民權路郵局,嘉義5支,23.4817142,120.4455989,193370.1431,2597735.553
612013,太保郵局,嘉義6支,23.4531102,120.3358391,182143.678,2594615.322
600015,嘉義忠孝郵局,嘉義7支,23.4831944,120.4545477,194284.8682,2597895.979
600074,嘉義北社郵局,嘉義8支,23.4855391,120.4385116,192647.8421,2598161.944
608017,水上郵局,嘉義9支,23.430824,120.4012153,188812.9813,2592117.973
600072,嘉義玉山郵局,嘉義10支,23.4724161,120.4287501,191644.9768,2596712.586
608010,水上回歸郵局,嘉義11支,23.454236,120.408975,189616.5686,2594707.419
600078,嘉義福全郵局,嘉義12支,23.4769714,120.4351218,192297.8624,2597214.485
600013,嘉義東門郵局,嘉義13支,23.4795417,120.4559444,194426.0063,2597490.927
602001,番路郵局,嘉義14支,23.46391,120.55457,204495.1729,2595725.183
600060,嘉義後湖郵局,嘉義15支,23.5007524,120.4545264,194290.0718,2599840.418
600026,嘉義興業路郵局,嘉義16支,23.4690132,120.4537564,194198.0746,2596325.816
600022,嘉義成功街郵局,嘉義17支,23.4722115,120.4432073,193121.7712,2596684.137
600040,嘉義彌陀郵局,嘉義18支,23.4741261,120.4627965,195123.7061,2596888.556
600020,嘉義湖內郵局,嘉義19支,23.4590011,120.4433944,193135.2251,2595221.103
600054,嘉義埤子頭郵局,嘉義20支,23.4887732,120.4467091,193486.5565,2598516.853
606013,中埔郵局,嘉義21支,23.4248055,120.5229184,201247.2706,2591405.044
600355,嘉義大學郵局,嘉義22支,23.4682002,120.4837288,197259.6632,2596224.475
606009,中埔後庄郵局,嘉義23支,23.4505494,120.4596754,194795.0701,2594278.799
612004,太保南新郵局,嘉義24支,23.4982158,120.378868,186561.5714,2599590.875
607041,大埔郵局,嘉義25支,23.294754,120.593563,208425.9892,2576981.023
604008,竹崎郵局,嘉義26支,23.523413,120.5510252,204153.6184,2602315.803
604004,竹崎內埔郵局,嘉義27支,23.4880593,120.5585294,204907.8769,2598398.275
605001,阿里山郵局,嘉義28支,23.5113691,120.8045659,230041.8412,2600923.943
600061,嘉義林森郵局,嘉義29支,23.491945,120.470592,195927.3118,2598858.921
600033,嘉義興嘉郵局,嘉義30支,23.4647486,120.4359513,192377.29,2595860.559
612012,太保嘉太郵局,嘉義31支,23.508577,120.362772,184922.6731,2600745.522
621002,民雄郵局,嘉義32支,23.5549804,120.4310003,191911.0761,2605855.169
621018,民雄頭橋郵局,嘉義33支,23.5199585,120.4361827,192424.9147,2601974.607
621301,中正大學郵局,嘉義34支,23.5593656,120.4692158,195814.3566,2606325.84
621016,民雄雙福郵局,嘉義35支,23.523487,120.447439,193575.8981,2602360.898
603004,梅山郵局,嘉義36支,23.580711,120.5589724,204984.6628,2608658.638
616009,新港郵局,嘉義37支,23.5550923,120.346246,183258.3635,2605904.461
615007,六腳蒜頭郵局,嘉義39支,23.492655,120.292158,177702.2458,2599015.995
613016,朴子長庚醫院郵局,嘉義40支,23.4625513,120.286094,177066.3075,2595685.207
624001,義竹郵局,嘉義41支,23.3373361,120.2433567,172627.2998,2581840.533
625001,布袋郵局,嘉義42支,23.3779435,120.1579575,163920.3559,2586385.917
625003,布袋過溝郵局,嘉義43支,23.4201894,120.1822892,166434.3546,2591050.198
625005,布袋大寮郵局,嘉義44支,23.3738799,120.184792,166661.1607,2585920.146
625008,布袋新塭郵局,嘉義45支,23.324429,120.162093,164308.7814,2580456.938
611001,鹿草郵局,嘉義46支,23.4113835,120.3082682,179304.5218,2590007.583
613003,朴子郵局,嘉義47支,23.4661543,120.2463155,173004.4102,2596104.949
613004,朴子海通路郵局,嘉義48支,23.4637049,120.2388137,172236.5686,2595837.722
614007,東石郵局,嘉義49支,23.455827,120.150507,163209.5009,2595015.757
613016,朴子祥和郵局,嘉義50支,23.4580572,120.2897861,177441.055,2595185.64
622002,大林郵局,嘉義51支,23.602665,120.456802,194565.2426,2611125.76
604007,竹崎灣橋郵局,嘉義52支,23.4927576,120.5020858,199144.3955,2598937.415
600057,嘉義保安郵局,嘉義53支,23.4929224,120.4349673,192289.0223,2598981.016
623014,溪口郵局,嘉義54支,23.6038173,120.3956326,188323.1361,2611278.404
622002,大林中山路郵局,嘉義55支,23.6060429,120.4561684,194502.0026,2611500.091
622011,大林大埔美郵局,嘉義56支,23.5980943,120.5139617,200396.9197,2610598.603
300027,新竹武昌街郵局,新竹901支,24.8025389,120.967308,246694.8151,2743907.1
300027,新竹東門郵局,新竹1支,24.8038951,120.97304,247274.3542,2744057.185
300044,清華大學郵局,新竹2支,24.792968,120.9931349,249305.8802,2742846.661
300195,新竹龍山西路郵局,新竹3支,24.7906166,121.0096567,250976.3927,2742586.24
300011,新竹光華街郵局,新竹4支,24.8167591,120.9712218,247090.8351,2745482.026
300112,新竹內湖路郵局,新竹5支,24.743843,120.90568,240459.6928,2737408.925
300024,新竹英明街郵局,新竹6支,24.8067849,120.9674461,246708.8893,2744377.379
300049,新竹關東橋郵局,新竹7支,24.801763,120.983412,248322.9308,2743820.869
300077,新竹樹林頭郵局,新竹8支,24.8204181,120.960605,246017.7083,2745887.562
300193,新竹學府路郵局,新竹9支,24.7968761,120.986653,248650.5474,2743279.566
300076,新竹西門郵局,新竹10支,24.8017471,120.960466,246003.0585,2743819.584
300060,新竹牛埔郵局,新竹11支,24.7945759,120.9419146,244127.1486,2743025.981
308001,寶山郵局,新竹13支,24.7649011,120.9901542,249004.2822,2739738.031
300015,新竹文雅郵局,新竹14支,24.8115171,120.9566919,245621.835,2744901.815
300081,新竹西大路郵局,新竹15支,24.7971197,120.9686729,246832.6699,2743306.844
300191,新竹民主路郵局,新竹16支,24.8089274,120.9812051,248099.9194,2744614.419
300041,新竹東園郵局,新竹17支,24.802878,120.983034,248284.7298,2743944.37
300064,新竹南寮郵局,新竹18支,24.835858,120.929449,242869.1494,2747598.943
300091,新竹科學園郵局,新竹19支,24.780192,121.004751,250480.4156,2741431.599
300109,新竹三姓橋郵局,新竹20支,24.7876921,120.92771,242690.5576,2742264.225
300035,新竹南大路郵局,新竹21支,24.788028,120.967424,246706.1596,2742299.888
300007,新竹民生路郵局,新竹22支,24.8122579,120.9752105,247493.9591,2744983.398
300016,新竹經國路郵局,新竹23支,24.8128836,120.9656679,246529.2879,2745052.909
300043,新竹建中郵局,新竹24支,24.8007274,120.9941846,249412.0503,2743706.078
300093,新竹陽明交大郵局,新竹25支,24.7883499,120.9986102,249859.4742,2742335.149
300015,新竹南勢郵局,新竹26支,24.8054238,120.9510538,245051.6181,2744227.12
305045,新埔郵局,新竹27支,24.827162,121.082494,258338.5567,2746636.457
305045,新埔中正郵局,新竹28支,24.827883,121.075717,257653.4878,2746715.917
302052,竹北嘉豐郵局,新竹29支,24.8145048,121.028373,252868.2554,2745232.333
306001,關西郵局,新竹30支,24.7931814,121.1761031,267805.5046,2742881.754
300096,寶山大崎郵局,新竹32支,24.772382,121.001171,250118.4176,2740566.568
302011,竹北郵局,新竹33支,24.8397973,121.0031953,250322.9505,2748033.417
302001,竹北中山郵局,新竹34支,24.8354409,121.0188216,251902.3748,2747551.033
302045,竹北博愛郵局,新竹35支,24.8367525,121.0089351,250903.097,2747696.203
302058,竹北六家郵局,新竹36支,24.8220484,121.0324393,253279.1233,2746067.948
302099,竹北光明郵局,新竹37支,24.8287567,121.0109151,251103.2923,2746810.608
303032,湖口郵局,新竹38支,24.901102,121.046434,254690.7929,2754824.315
304108,新豐郵局,新竹40支,24.9033097,120.9867893,248665.4703,2755068.105
300110,中華大學郵局,新竹41支,24.7570738,120.9526905,245215.2324,2738871.884
303102,湖口鳳凰郵局,新竹42支,24.8628,121.026351,252662.816,2750581.441
304033,新豐山崎郵局,新竹43支,24.8695523,120.994278,249421.813,2751329.079
303106,湖口新工郵局,新竹44支,24.870831,121.014611,251476.3724,2751470.775
302050,竹北成功郵局,新竹45支,24.8175773,121.0182982,251849.738,2745572.467
303119,湖口德盛郵局,新竹46支,24.9053382,121.0434606,254390.2682,2755293.419
310007,竹東郵局,新竹47支,24.7368431,121.0927406,259381.0787,2736633.521
307002,芎林郵局,新竹48支,24.7721159,121.083726,258466.8252,2740539.686
312002,橫山郵局,新竹49支,24.7176021,121.14015,264178.9128,2734506.505
312003,橫山內灣郵局,新竹50支,24.7065053,121.1807344,268286.4471,2733282.254
311201,五峰郵局,新竹51支,24.6320786,121.119596,262107.7259,2725032.195
310006,竹東下公館郵局,新竹52支,24.7389275,121.0863777,258737.3002,2736863.964
313001,尖石郵局,新竹53支,24.705358,121.201693,270407.2005,2733158.14
310016,竹東二重埔郵局,新竹54支,24.7662875,121.0567725,255741.409,2739892.742
310007,竹東長春郵局,新竹55支,24.7382258,121.0882572,258927.466,2736786.366
310401,竹東工研院郵局,新竹56支,24.7740919,121.0479329,254847.1562,2740756.803
314299,北埔郵局,新竹57支,24.699979,121.054737,255538.4942,2732548.469
315299,峨眉郵局,新竹58支,24.6884014,121.0200177,252025.6527,2731265.207
900006,屏東民生路郵局,屏東901支,22.670473,120.491605,197757.1328,2507883.726
900001,屏東林森路郵局,屏東2支,22.6715234,120.4978211,198396.3063,2507997.866
900013,屏東北平路郵局,屏東4支,22.6758273,120.488805,197471.4375,2508477.602
900403,屏東崇蘭郵局,屏東5支,22.6877316,120.4853547,197121.4562,2509797.009
912006,內埔水門郵局,屏東6支,22.709658,120.645564,213588.5472,2512176.77
900012,屏東大埔郵局,屏東7支,22.670914,120.4826001,196831.9382,2507935.751
909142,麟洛郵局,屏東8支,22.6530653,120.5236157,201040.4451,2505945.258
900005,屏東歸來郵局,屏東9支,22.664166,120.503324,198959.0703,2507181.272
908128,長治郵局,屏東10支,22.6768316,120.530701,201776.9424,2508574.608
907101,鹽埔郵局,屏東11支,22.741863,120.556128,204411.2819,2515767.588
901002,三地門郵局,屏東12支,22.7146667,120.6533337,214388.0364,2512729.499
902003,霧台郵局,屏東13支,22.743849,120.73139,222412.421,2515944.231
903001,瑪家郵局,屏東14支,22.6899961,120.6367381,212676.5211,2510001.793
900044,屏東永安郵局,屏東15支,22.6557929,120.481517,196714.7981,2506261.757
900062,屏東海豐郵局,屏東16支,22.7008545,120.5108479,199745.6527,2511241.277
900048,屏東公館郵局,屏東17支,22.638068,120.485074,197073.5707,2504297.788
900013,屏東中正路郵局,屏東18支,22.6821103,120.4917744,197778.9476,2509172.282
900034,屏東廣東路郵局,屏東19支,22.6804458,120.5017722,198805.6391,2508984.49
900067,屏東勝利路郵局,屏東20支,22.6793266,120.4859386,197178.2313,2508866.101
900008,屏東六塊厝郵局,屏東21支,22.669491,120.476494,196203.9076,2507780.377
900011,屏東厚生郵局,屏東22支,22.6654717,120.4789566,196455.4123,2507334.424
908121,長治繁華郵局,屏東23支,22.7021864,120.5735022,206183.1234,2511368.909
900045,屏東頭前溪郵局,屏東24支,22.6558442,120.4703258,195564.6606,2506271.49
905006,里港郵局,屏東26支,22.7727121,120.494406,198083.5581,2519203.895
905004,里港三和路郵局,屏東27支,22.8099272,120.5028196,198961.3687,2523321.907
906006,高樹郵局,屏東28支,22.8263424,120.6005038,208994.2973,2525109.179
851001,茂林郵局,屏東29支,22.8865519,120.66446,215574.2117,2531759.977
913001,萬丹郵局,屏東30支,22.5841009,120.488855,197441.709,2498320.636
904007,九如郵局,屏東31支,22.7337415,120.4903459,197651.7965,2514890.009
907104,鹽埔鹽中郵局,屏東32支,22.756474,120.575658,206421.8078,2517379.612
912007,內埔郵局,屏東33支,22.612388,120.567046,205490.8827,2501427.415
912011,內埔龍泉郵局,屏東34支,22.6746523,120.6006572,208964.7685,2508312.285
912016,內埔豐田郵局,屏東35支,22.6315755,120.5441166,203140.132,2503559.081
912011,內埔建興郵局,屏東36支,22.6550779,120.5753979,206362.9786,2506151.998
912301,內埔學府郵局,屏東37支,22.6426569,120.6134725,210272.4358,2504765.953
913010,萬丹社皮郵局,屏東38支,22.6156814,120.4697786,195492.5829,2501824.414
940003,枋寮郵局,屏東39支,22.3663835,120.5950403,208295.1807,2474179.779
940001,枋寮水底寮郵局,屏東40支,22.3853018,120.5951186,208308.8797,2476274.51
941011,枋山郵局,屏東41支,22.1984779,120.689669,218002.425,2455565.418
942009,春日郵局,屏東42支,22.3702596,120.6241172,211290.7719,2474601.199
946002,恆春郵局,屏東43支,22.001583,120.7421983,223381.7348,2433754.801
946002,恆春墾丁郵局,屏東45支,22.001583,120.7421983,223381.7348,2433754.801
946002,恆春南門郵局,屏東46支,22.0026109,120.7449275,223663.7184,2433868.137
944013,車城郵局,屏東47支,22.0737191,120.7138946,220474.2995,2441746.957
945012,牡丹郵局,屏東48支,22.1252577,120.7736211,226646.5043,2447443.012
947017,滿州郵局,屏東49支,22.018543,120.837955,233270.7182,2435619.035
920002,潮州郵局,屏東50支,22.5447306,120.5371365,202392.8025,2493944.978
920005,潮州新生路郵局,屏東51支,22.5512637,120.5385218,202537.5221,2494667.942
923015,萬巒郵局,屏東52支,22.571366,120.566112,205381.6482,2496885.348
921021,泰武郵局,屏東53支,22.59143,120.631256,212086.2153,2499088.999
922020,來義郵局,屏東54支,22.526154,120.635641,212519.4462,2491859.984
920005,潮州南進路郵局,屏東55支,22.5511119,120.5437501,203075.2033,2494649.482
926001,南州郵局,屏東56支,22.489922,120.511038,199688.5967,2487884.619
924004,崁頂郵局,屏東57支,22.5145242,120.5135705,199958.0326,2490607.944
911164,竹田郵局,屏東58支,22.586566,120.5429454,203004.4589,2498575.548
911162,竹田西勢郵局,屏東59支,22.621086,120.5245698,201127.193,2502403.858
925022,新埤郵局,屏東60支,22.4686676,120.5509486,203788.1799,2485518.299
927001,林邊郵局,屏東61支,22.433653,120.5162499,200204.7815,2481652.307
931006,佳冬郵局,屏東62支,22.4143419,120.552084,203887.0735,2479502.595
928001,東港中正路郵局,屏東63支,22.4689044,120.4509312,193495.2945,2485578.785
928007,東港郵局,屏東64支,22.4696421,120.460157,194445.0365,2485657.022
932018,新園郵局,屏東65支,22.5405898,120.4601945,194477.2267,2493513.016
932015,新園烏龍郵局,屏東66支,22.486201,120.4585621,194287.5274,2487491.168
929001,琉球郵局,屏東67支,22.3511867,120.380778,186221.9276,2472572.108
500046,彰化中央路郵局,彰化901支,24.0677369,120.5269842,201899.4719,2662605.8
508018,和美郵局,彰化1支,24.111099,120.4991768,199088.8509,2667418.009
503009,花壇郵局,彰化2支,24.025643,120.538714,203076.9874,2657939.925
500017,彰化府前郵局,彰化3支,24.074996,120.5438,203612.0903,2663404.094
500004,彰化市仔尾郵局,彰化4支,24.0839149,120.547728,204014.6892,2664390.576
500022,彰化過溝仔郵局,彰化5支,24.0887199,120.538232,203050.9082,2664925.877
502001,芬園郵局,彰化6支,24.0135262,120.630601,212420.5087,2656570.414
500006,彰化西門郵局,彰化7支,24.075948,120.535842,202803.2315,2663512.18
507003,線西郵局,彰化8支,24.1303822,120.4707088,196202.9472,2669564.29
500035,彰化台化郵局,彰化9支,24.0871263,120.5611259,205378.0671,2664741.917
508019,和美中寮郵局,彰化10支,24.10646,120.530456,202266.8654,2666893.234
500009,彰化南瑤郵局,彰化11支,24.068369,120.539943,203217.4885,2662671.429
500052,彰化中庄仔郵局,彰化12支,24.0878091,120.5680894,206086.3133,2664815.342
500054,彰化南郭郵局,彰化13支,24.068964,120.548049,204041.9992,2662734.65
500207,彰化師大郵局,彰化14支,24.0826667,120.5584256,205101.9606,2664248.875
500031,彰化莿桐腳郵局,彰化15支,24.0618931,120.5193983,201125.8431,2661961.213
504001,秀水郵局,彰化17支,24.0307241,120.496502,198785.0336,2658517.378
509011,伸港郵局,彰化18支,24.1468504,120.484676,197629.3053,2671382.888
500008,彰化曉陽郵局,彰化19支,24.0718967,120.5391977,203142.9806,2663062.373
500021,彰化永安街郵局,彰化20支,24.087524,120.54489,203727.4237,2664791.219
500047,彰化大竹郵局,彰化21支,24.0850309,120.581368,207435.4885,2664503.565
509004,伸港全興郵局,彰化22支,24.171435,120.510972,200311.238,2674096.103
500006,彰化光復路郵局,彰化23支,24.0799319,120.5401,203237.647,2663951.975
514013,溪湖郵局,彰化24支,23.9626797,120.4802154,197100.5541,2650987.474
516018,埔鹽郵局,彰化25支,23.9977384,120.4769868,196786.3724,2654871.439
514010,溪湖湖西郵局,彰化26支,23.9604599,120.4755578,196625.6186,2650743.386
505024,鹿港郵局,彰化27支,24.0554927,120.4324572,192281.4404,2661285.333
506017,福興郵局,彰化28支,24.0396694,120.4359661,192631.2698,2659531.443
505022,鹿港頂番郵局,彰化29支,24.088077,120.4825459,197388.8047,2664874.422
505023,鹿港彰濱郵局,彰化30支,24.0655247,120.4359553,192641.661,2662394.961
506027,福興福工郵局,彰化31支,24.0119229,120.486984,197809.2717,2656438.635
505001,鹿港草港郵局,彰化32支,24.108125,120.459429,195046.9441,2667103.633
521032,北斗郵局,彰化33支,23.874893,120.524368,201561.3962,2641249.371
523033,埤頭郵局,彰化34支,23.8913477,120.4608715,195101.7016,2643094.887
522053,田尾郵局,彰化35支,23.8923886,120.5288003,202019.2426,2643185.464
523009,埤頭路口厝郵局,彰化36支,23.8468045,120.4606522,195060.579,2638161.876
524006,溪州郵局,彰化37支,23.8513404,120.4947509,198535.8187,2638651.415
526019,二林郵局,彰化38支,23.9008394,120.3647471,185318.0307,2644186.724
527002,大城郵局,彰化39支,23.8560461,120.321583,180899.1133,2639246.252
528014,芳苑郵局,彰化40支,23.9245695,120.3189972,180672.2576,2646836.541
525001,竹塘郵局,彰化41支,23.8610164,120.4268702,191625.7452,2639749.333
526007,二林萬興郵局,彰化42支,23.954626,120.422875,191261.1398,2650118.213
528010,芳苑王功郵局,彰化43支,23.9607839,120.337499,182574.6647,2650838.377
528008,芳苑草湖郵局,彰化44支,23.9580617,120.3828754,187191.6058,2650515.947
510004,員林郵局,彰化45支,23.9576915,120.5773182,206981.3665,2650402.026
515009,大村郵局,彰化46支,23.994103,120.544834,203688.2447,2654444.854
513011,埔心郵局,彰化47支,23.954138,120.5432438,203512.1072,2650019.288
510034,員林員水路郵局,彰化48支,23.9512008,120.5971915,209001.9519,2649677.275
510010,員林三橋郵局,彰化49支,23.9688697,120.5758524,206835.9044,2651640.445
510018,員林西門郵局,彰化50支,23.95825,120.568534,206087.5284,2650466.586
512007,永靖郵局,彰化51支,23.920361,120.546642,203845.9657,2646277.418
510005,員林南門郵局,彰化52支,23.950811,120.575568,206800.9451,2649640.556
513006,埔心太平郵局,彰化53支,23.9387834,120.5593084,205141.8491,2648313.589
510001,員林中正路郵局,彰化54支,23.958592,120.5721969,206460.4397,2650503.326
511004,社頭郵局,彰化55支,23.8982028,120.5877691,208025.7985,2643810.622
511010,社頭湳雅郵局,彰化56支,23.919308,120.604639,209750.0821,2646143.069
530019,二水郵局,彰化57支,23.8108881,120.615415,210814.5412,2634132.874
520002,田中郵局,彰化58支,23.8568938,120.5858986,207821.9539,2639236.317
520011,田中內灣郵局,彰化59支,23.8529827,120.6057113,209838.7811,2638797.417
520002,田中三潭郵局,彰化60支,23.8636189,120.5855148,207785.0412,2639981.217
508022,和美道周郵局,彰化61支,24.1090453,120.4944554,198608.0692,2667192.28
970013,花蓮國安郵局,花蓮901支,23.983993,121.604241,311484.816,2653382.186
970008,花蓮舊車站郵局,花蓮1支,23.975342,121.6108491,312161.3949,2652426.976
970003,花蓮南京街郵局,花蓮2支,23.9753549,121.6073438,311804.6724,2652426.864
971053,新城北埔郵局,花蓮4支,24.0405427,121.6037554,311408.5454,2659644.936
972003,秀林天祥郵局,花蓮5支,24.1830639,121.494942,300285.1201,2675386.146
971001,新城郵局,花蓮6支,24.1262712,121.6529172,316364.8261,2669161.98
970020,花蓮府前路郵局,花蓮7支,23.9905117,121.6218024,313268.6455,2654111.913
973044,吉安郵局,花蓮8支,23.978419,121.566677,307664.869,2652748.985
970020,花蓮下美崙郵局,花蓮9支,23.993752,121.631117,314214.8281,2654474.994
973060,吉安仁里郵局,花蓮10支,23.967483,121.592809,310329.2073,2651548.75
970019,花蓮港務局郵局,花蓮11支,23.983334,121.621659,313257.5606,2653316.908
972005,秀林和平郵局,花蓮12支,24.3077748,121.7494448,326068.7193,2689313.789
970004,花蓮中華路郵局,花蓮13支,23.9747402,121.5969991,310752.2347,2652354.29
970029,花蓮富國路郵局,花蓮14支,23.9909096,121.5956549,310607.8745,2654144.487
974007,壽豐郵局,花蓮15支,23.8715005,121.5103681,301977.5615,2640885.977
974005,壽豐豐田郵局,花蓮16支,23.848273,121.4941502,300334.8236,2638307.72
974007,壽豐志學郵局,花蓮17支,23.905853,121.529893,303951.8299,2644697.779
973049,吉安宜昌郵局,花蓮18支,23.9737179,121.585187,309550.6451,2652236.03
970009,花蓮中山路郵局,花蓮19支,23.9783642,121.6084444,311915.2364,2652760.63
970304,花蓮師院郵局,花蓮20支,24.0102752,121.6180179,312873.9576,2656299.056
973041,吉安太昌郵局,花蓮21支,23.9916714,121.5752855,308534.8963,2654220.246
975005,鳳林郵局,花蓮22支,23.7460461,121.449636,295836.3291,2626971.345
975003,鳳林萬榮郵局,花蓮23支,23.7130365,121.4208623,292913.8793,2623306.715
975002,鳳林林榮郵局,花蓮24支,23.8035382,121.4520629,296063.4805,2633339.164
976006,光復郵局,花蓮25支,23.6653267,121.4246983,293320.7633,2618024.265
977004,豐濱郵局,花蓮27支,23.6018241,121.520501,303118.7642,2611024.025
976003,光復富田郵局,花蓮28支,23.6596096,121.4487122,295772.2914,2617398.622
978001,瑞穗郵局,花蓮29支,23.4968764,121.379799,288790.293,2599356.701
978003,瑞穗富源郵局,花蓮30支,23.57884,121.378155,288598.4588,2608433.085
981002,玉里郵局,花蓮31支,23.331059,121.313921,282101.8544,2580977.857
981002,玉里泰昌郵局,花蓮32支,23.3357534,121.3139856,282107.3321,2581497.724
982009,卓溪郵局,花蓮33支,23.3459843,121.30439,281123.7204,2582628.584
981010,玉里三民郵局,花蓮34支,23.429995,121.3489867,285661.2521,2591942.216
981002,玉里新興郵局,花蓮35支,23.3392092,121.3120416,281907.7168,2581879.985
983001,富里郵局,花蓮36支,23.176511,121.248247,275415.2124,2563850.593
983004,富里東里郵局,花蓮37支,23.2681309,121.3043268,281135.3765,2574007.215
971209,花蓮空軍基地郵局,花蓮38支,24.0164503,121.622969,313374.6441,2656985.178
974301,壽豐東華大學郵局,花蓮39支,23.8942477,121.5434749,305339.658,2643417.752
830072,鳳山郵局,高雄96支,22.6243012,120.3719457,185439.0004,2502818
830251,陸軍官校郵局,高雄97支,22.6191711,120.3657246,184797.0635,2502252.641
833173,鳥松郵局,高雄98支,22.6616673,120.3634799,184586.4285,2506959.348
830172,澄清湖郵局,高雄99支,22.647141,120.3478257,182970.5846,2505357.775
824005,燕巢義大醫院郵局,高雄100支,22.7659067,120.3643555,184725.8629,2518501.785
830252,鳳山行政中心郵局,高雄101支,22.6295923,120.3434886,182516.2398,2503416.514
830002,鳳山文山郵局,高雄102支,22.638255,120.3562816,183835.4382,2504370.018
831140,大寮郵局,高雄103支,22.6066343,120.3954997,187852.3675,2500851.69
830021,鳳山大東郵局,高雄104支,22.621965,120.361007,184313.4114,2502564.09
830056,鳳山五甲郵局,高雄105支,22.5924215,120.3273103,180834.6149,2499307.905
831141,大寮中庄郵局,高雄107支,22.6349015,120.3907694,187378.8424,2503983.757
830047,鳳山一甲郵局,高雄108支,22.6020228,120.3419017,182339.6302,2500364.387
830023,鳳山鳳松路郵局,高雄109支,22.632412,120.360935,184310.9742,2503720.945
831121,大寮中興郵局,高雄110支,22.614819,120.388259,187111.6641,2501761.036
830035,鳳山新甲郵局,高雄111支,22.6076876,120.3417415,182325.9294,2500991.738
833163,鳥松仁美郵局,高雄112支,22.6583324,120.3922792,187544.6316,2506577.683
830523,鳳山新富郵局,高雄113支,22.616274,120.348663,183041.691,2501939.406
840202,大樹九曲堂郵局,高雄114支,22.6556777,120.4201533,190408.1732,2506272.285
840201,大樹郵局,高雄115支,22.6912647,120.4314522,191584.4815,2510208.431
831132,大寮大發郵局,高雄116支,22.5914396,120.4161696,189970.8687,2499160.688
830024,鳳山三民路郵局,高雄117支,22.625602,120.357964,184002.3268,2502968.169
832008,林園郵局,高雄118支,22.500865,120.397675,188028.7868,2489138.835
832001,林園三庄郵局,高雄119支,22.5349224,120.4014177,188428.9598,2492908.485
832008,林園福興郵局,高雄120支,22.5051464,120.3947491,187729.6595,2489614.13
833253,鳥松長庚醫院郵局,高雄121支,22.6494304,120.3542696,183633.9984,2505608.399
830699,鳳山中崙郵局,高雄122支,22.6021268,120.3512622,183302.081,2500371.685
830679,鳳山過埤郵局,高雄123支,22.5885392,120.3628741,184489.5282,2498861.951
830008,鳳山鎮北郵局,高雄124支,22.635918,120.3641644,184644.5897,2504107.753
842056,旗山郵局,高雄125支,22.8839349,120.4830054,196955.9931,2531524.053
842044,旗山旗尾郵局,高雄126支,22.8817184,120.4925327,197932.6736,2531275.212
842057,旗山大洲郵局,高雄127支,22.841923,120.463628,194950.897,2526878.996
842058,旗山圓潭郵局,高雄128支,22.92249,120.497508,198458.5695,2535788.287
845052,內門郵局,高雄129支,22.940734,120.457269,194338.5623,2537823.209
846054,杉林郵局,高雄130支,22.9732424,120.5408363,202920.455,2541393.812
842057,旗山四保郵局,高雄131支,22.8916655,120.481391,196793.3651,2532380.679
843001,美濃郵局,高雄132支,22.9006991,120.5417995,202994.18,2533360.455
843009,美濃中壇郵局,高雄133支,22.8867491,120.5315963,201942.5262,2531819.008
847002,甲仙郵局,高雄134支,23.082988,120.5890941,207902.641,2553531.862
849001,那瑪夏郵局,高雄135支,23.2720172,120.7192341,221275.9632,2574432.713
844001,六龜郵局,高雄136支,22.994371,120.6355619,212638.8929,2543706.226
848001,桃源郵局,高雄137支,23.1587663,120.764059,225841.4819,2561883.522
844007,六龜寶來郵局,高雄138支,23.1077447,120.6993813,219207.3058,2556245.797
820011,岡山郵局,高雄139支,22.7921402,120.2963979,177760.8952,2521438.334
820009,空軍通校郵局,高雄140支,22.784548,120.2781047,175878.5529,2520606.655
825008,橋頭郵局,高雄142支,22.7576256,120.3112306,179266.0398,2517609.176
820115,空軍機校郵局,高雄143支,22.7903233,120.2728349,175340.5935,2521248.84
827010,彌陀郵局,高雄144支,22.7793648,120.2497633,172965.541,2520047.164
824001,燕巢郵局,高雄145支,22.7932186,120.3608409,184378.0027,2521527.714
824005,燕巢鳳山厝郵局,高雄146支,22.7553554,120.3570843,183974.0912,2517336.616
826001,梓官郵局,高雄147支,22.7611658,120.26883,174913.4353,2518022.077
828114,永安郵局,高雄148支,22.8172455,120.2256402,170510.4408,2524254.73
826006,梓官蚵子寮郵局,高雄149支,22.7283615,120.2556128,173537.8107,2514396.224
823004,田寮郵局,高雄150支,22.8726249,120.3598505,184314.4403,2530321.248
822201,阿蓮郵局,高雄151支,22.8832035,120.3268898,180937.596,2531507.753
820002,岡山平和路郵局,高雄152支,22.7943822,120.2948054,177598.5707,2521687.383
820004,岡山仁壽路郵局,高雄153支,22.7858961,120.2858007,176669.4985,2520752.103
820105,岡山五甲尾郵局,高雄154支,22.8217708,120.3036096,178516.8086,2524716.004
828106,永安竹仔港郵局,高雄155支,22.8087353,120.2519109,173202.5187,2523298.44
829201,湖內郵局,高雄156支,22.908475,120.2148525,169456.8048,2534363.177
829208,湖內大湖郵局,高雄157支,22.8925136,120.2421447,172247.5532,2532580.962
852202,茄萣郵局,高雄158支,22.903928,120.186792,166575.3447,2533875.276
821006,路竹郵局,高雄159支,22.8608179,120.26093,174157.3125,2529061.259
821013,路竹竹南郵局,高雄160支,22.8564947,120.2609629,174158.2899,2528582.502
821004,路竹一甲郵局,高雄161支,22.8739414,120.2705287,175149.5504,2530509.616
820118,岡山大仁郵局,高雄162支,22.8055118,120.3016019,178302.2049,2522916.518
260004,宜蘭中山路郵局,宜蘭901支,24.7584345,121.7529638,326153.5229,2739231.335
260026,宜蘭金六結郵局,宜蘭1支,24.751561,121.739132,324758.659,2738462.368
260009,宜蘭渭水路郵局,宜蘭2支,24.7532039,121.7524551,326105.2583,2738651.687
264019,員山郵局,宜蘭3支,24.740548,121.72197,323029.202,2737233.259
264018,員山內城郵局,宜蘭4支,24.7211708,121.6879315,319596.7869,2735069.25
260004,宜蘭西後街郵局,宜蘭5支,24.7555702,121.7513135,325988.3503,2738913.155
263027,壯圍郵局,宜蘭6支,24.7468775,121.7843387,329334.1935,2737969.054
260024,宜蘭東港路郵局,宜蘭8支,24.750536,121.773243,328209.5525,2738367.9
260021,宜蘭大坡路郵局,宜蘭9支,24.7795651,121.740538,324884.0772,2741564.993
260007,宜蘭大學郵局,宜蘭10支,24.7462924,121.7475856,325616.9082,2737883.44
261008,頭城郵局,宜蘭11支,24.8585079,121.82316,333186.532,2750357.007
261005,頭城大溪港郵局,宜蘭12支,24.9394057,121.891362,340020.5091,2759361.333
261007,頭城頂埔郵局,宜蘭13支,24.8454193,121.8071105,331573.122,2748897.523
262003,礁溪郵局,宜蘭14支,24.8216061,121.769908,327827.8719,2746238.09
262005,礁溪四城郵局,宜蘭15支,24.786959,121.762209,327070.9902,2742396.025
262002,礁溪湯仔城郵局,宜蘭16支,24.8272509,121.7744666,328285.1579,2746865.948
260011,宜蘭縣政府郵局,宜蘭17支,24.7307144,121.7631164,327197.498,2736166.623
270001,蘇澳郵局,宜蘭18支,24.5963579,121.8354638,334607.1059,2721327.403
270002,蘇澳南方澳郵局,宜蘭19支,24.5816941,121.8649539,337603.9077,2719721.629
270008,蘇澳港邊里郵局,宜蘭20支,24.6134543,121.8491838,335984.9051,2723229.571
270015,蘇澳馬賽郵局,宜蘭21支,24.6257103,121.8334793,334386.4294,2724577.367
270004,蘇澳蘇西里郵局,宜蘭22支,24.5963579,121.8354638,334607.1059,2721327.403
272006,蘇澳東澳路郵局,宜蘭23支,24.5197414,121.8323271,334340.6789,2712839.207
272017,南澳郵局,宜蘭24支,24.4652378,121.8023266,331335.6083,2706784.308
265001,羅東郵局,宜蘭25支,24.6775282,121.7681477,327739.4989,2730278.355
268021,五結二結郵局,宜蘭26支,24.7027797,121.768039,327712.8356,2733075.244
269027,冬山郵局,宜蘭27支,24.6343695,121.7916165,330142.2841,2725511.439
265006,羅東南門郵局,宜蘭28支,24.670064,121.771588,328092.3324,2729453.547
265010,羅東大同路郵局,宜蘭29支,24.6796346,121.7736293,328292.9645,2730514.785
268019,五結郵局,宜蘭30支,24.6837795,121.7950997,330463.2453,2730986.312
269023,冬山群英郵局,宜蘭31支,24.6670634,121.7680784,327738.9718,2729119.198
268015,五結利澤郵局,宜蘭32支,24.6677461,121.8219949,333195.769,2729226.423
265004,羅東西門郵局,宜蘭33支,24.6730005,121.7583741,326753.1063,2729771.35
265013,羅東竹林郵局,宜蘭34支,24.6893971,121.7649356,327407.0794,2731591.181
266008,三星郵局,宜蘭35支,24.666626,121.65248,316038.8623,2729010.214
267002,大同郵局,宜蘭36支,24.6758414,121.6095831,311692.5332,2730010.964
330005,桃園成功路郵局,桃園901支,24.9921027,121.3111937,281413.9981,2764938.888
333003,龜山大崗郵局,桃園1支,25.0506642,121.3576171,286083.2031,2771436.922
334027,八德大湳郵局,桃園2支,24.9612066,121.2994326,280234.2977,2761514.088
334028,八德郵局,桃園3支,24.9309981,121.2849015,278774.0732,2758164.98
330002,桃園民生路郵局,桃園4支,24.995151,121.312797,281575.0683,2765276.899
333019,龜山郵局,桃園5支,24.9931616,121.3345021,283766.6332,2765061.777
333035,龜山民安街郵局,桃園6支,24.989711,121.3246439,282772.3957,2764677.16
330025,桃園南門郵局,桃園7支,24.992386,121.304833,280771.8315,2764968.809
330427,桃園大樹林郵局,桃園8支,24.983703,121.322245,282531.8091,2764011.12
338019,蘆竹郵局,桃園9支,25.0542451,121.290552,279315.509,2771817.348
330033,桃園茄苳郵局,桃園10支,24.9875619,121.2817204,278439.7922,2764429.434
330005,桃園東埔郵局,桃園11支,25.0014,121.30768,281056.9624,2765967.874
330038,桃園中路郵局,桃園12支,24.9897929,121.293084,279586.4247,2764678.976
330022,桃園水汴頭郵局,桃園13支,25.026725,121.306077,280888.8197,2768772.581
330042,桃園福林郵局,桃園14支,24.9811933,121.3064851,280941.4076,2763729.452
330060,桃園永安郵局,桃園15支,24.999903,121.299661,280247.8929,2765800.249
330048,桃園桃鶯郵局,桃園16支,24.9780392,121.322191,282527.8474,2763383.769
333423,龜山樂善郵局,桃園17支,25.0605178,121.3684133,287169.5662,2772531.27
334007,八德更寮腳郵局,桃園18支,24.932915,121.2972677,280022.5597,2758379.973
333026,龜山迴龍郵局,桃園19支,25.0017144,121.3504775,285376.8491,2766013.184
330023,桃園大業郵局,桃園20支,25.0123148,121.3189397,282190.6698,2767179.457
330026,桃園府前郵局,桃園21支,24.9922719,121.300512,280335.667,2764955.197
334015,八德高城郵局,桃園22支,24.9753975,121.2714363,277404.2986,2763079.959
330042,桃園建國郵局,桃園23支,24.9852322,121.3098404,281279.1245,2764177.58
334006,八德麻園郵局,桃園24支,24.9496003,121.2974795,280039.9043,2760228.116
333007,龜山文化郵局,桃園25支,25.0573036,121.3699414,287324.7127,2772175.672
338011,蘆竹山腳郵局,桃園26支,25.084504,121.286241,278873.4496,2775168.01
338026,蘆竹大竹郵局,桃園27支,25.0205308,121.2646168,276706.0397,2768077.678
333322,龜山誠園郵局,桃園28支,25.047673,121.3512415,285440.7663,2771103.92
338217,蘆竹錦興郵局,桃園29支,25.0462073,121.2953089,279797.4064,2770928.093
330008,桃園慈文郵局,桃園30支,25.021957,121.303438,280623.6774,2768243.863
337017,大園郵局,桃園31支,25.066081,121.1976536,269940.4949,2773111.419
337004,大園埔心街郵局,桃園32支,25.0529326,121.224206,272621.6844,2771659.238
337013,大園菓林郵局,桃園33支,25.0760058,121.25801,276027.5407,2774220.984
337041,臺灣桃園國際機場郵局,桃園35支,25.0796514,121.234217,273626.641,2774620.414
333323,龜山長庚大學郵局,桃園36支,25.0349483,121.3893297,289288.0099,2769704.996
335015,大溪郵局,桃園37支,24.8793772,121.2882547,279124.8504,2752448.095
338202,蘆竹光明郵局,桃園38支,25.0386187,121.2935073,279617.442,2770087.158
336041,復興郵局,桃園39支,24.8156578,121.351275,285510.5626,2745405.428
335001,大溪僑愛郵局,桃園40支,24.9228056,121.295022,279798.1839,2757259.745
335002,大溪崎頂郵局,桃園41支,24.900324,121.283728,278662.641,2754767.224
335008,大溪員樹林郵局,桃園42支,24.8857149,121.270263,277305.592,2753146.337
335004,大溪南興郵局,桃園43支,24.903283,121.2670282,276974.95,2755091.552
320014,中壢青埔郵局,桃園94支,25.0025691,121.2045281,270644.6645,2766077.696
420772,豐原郵局,臺中72支,24.2514989,120.714984,221058.5696,2682905.935
429773,神岡郵局,臺中73支,24.2581031,120.6624938,215730.2799,2683649.257
422774,石岡郵局,臺中74支,24.2762335,120.7751699,227174.4783,2685634.161
420775,豐原中山路郵局,臺中75支,24.239804,120.710915,220642.7044,2681611.556
420776,豐原三民路郵局,臺中76支,24.253743,120.7200053,221568.95,2683153.44
433777,沙鹿北勢郵局,臺中77支,24.2228918,120.5702942,206356.3999,2679775.263
429778,神岡圳堵郵局,臺 中78支,24.2710283,120.6566232,215137.7115,2685082.208
420779,豐原南陽郵局,臺中79支,24.245188,120.724893,222063.3879,2682204.972
420780,豐原翁子郵局,臺中80支,24.25959,120.734306,223022.3037,2683798.164
429781,神岡社口郵局,臺中81支,24.2468816,120.682082,217716.4089,2682401.78
420783,豐原葫蘆墩郵局,臺中83支,24.2638665,120.7194465,221514.464,2684274.75
429784,神岡岸裡郵局,臺中84支,24.2485806,120.6979767,219330.8842,2682586.362
420785,豐原水源郵局,臺中85支,24.255128,120.728831,222465.4266,2683305.06
421786,后里郵局,臺中86支,24.304667,120.7108597,220651.991,2688795.276
429787,神岡豐洲郵局,臺中87支,24.2609735,120.7059196,220140.3489,2683957.175
421788,后里義里郵局,臺中88支,24.3090349,120.7277879,222371.1739,2689275.567
421789,后里月眉郵局,臺中89支,24.3118612,120.7046418,220022.5555,2689593.377
423790,東勢郵局,臺中90支,24.257015,120.830111,232749.7058,2683497.787
424791,和平谷關郵局,臺中91支,24.2031972,121.0062544,250635.3295,2677526.947
426792,新社中興嶺郵局,臺中92支,24.2082028,120.7902137,228690.4539,2678097.301
423793,東勢中嵙口郵局,臺中93支,24.2502885,120.8306825,232806.8309,2682752.749
424794,和平梨山郵局,臺中94支,24.2541283,121.2522262,275611.308,2683190.733
426795,新社郵局,臺中95支,24.2478444,120.8087877,230583.17,2682484.935
420796,豐原鐮村郵局,臺中96支,24.231393,120.724746,222045.447,2680677.185
424797,和平郵局,臺中97支,24.174906,120.882995,238111.863,2674398.657
427798,潭子郵局,臺中98支,24.2117834,120.7038403,219917.6648,2678509.741
427799,潭子加工區郵局,臺中99支,24.2164225,120.7049554,220032.0166,2679023.288
427700,潭子頭家厝郵局,臺中100支,24.1910548,120.7023321,219759.5795,2676214.352
427701,潭子東寶郵局,臺中101支,24.2051664,120.6738104,216865.6546,2677783.693
427702,潭子栗林郵局,臺中102支,24.2314796,120.7089257,220438.7624,2680690.036
427703,潭子潭北郵局,臺中103支,24.2145629,120.7064716,220185.5867,2678817.01
437704,大甲郵局,臺中104支,24.34759,120.627237,212176.879,2693569.325
439705,大安郵局,臺中105支,24.3464605,120.5860898,208001.3801,2693456.045
437706,大甲廟口郵局,臺中106支,24.3450712,120.6222652,211671.6426,2693291.721
438707,外埔郵局,臺中107支,24.3237374,120.6615364,215650.7316,2690918.666
437708,大甲日南郵局,臺中108支,24.3812987,120.6551045,215013.8038,2697295.39
437709,大甲幼獅郵局,臺中109支,24.405301,120.652038,214709.4032,2699954.522
437710,大甲庄美郵局,臺中110支,24.3548028,120.6192339,211367.0101,2694370.372
435711,臺中港郵局,臺中111支,24.262124,120.537127,203002.0985,2684131.115
433712,沙鹿郵局,臺中112支,24.2392628,120.5598785,205304.2191,2681591.689
436713,清水郵局,臺中113支,24.2680589,120.575274,206877.4136,2684776.095
435714,梧棲郵局,臺中114支,24.2576,120.52954,202230.0491,2683632.645
434715,龍井郵局,臺中115支,24.1966958,120.5470845,203989.6411,2676881.44
433716,沙鹿鹿寮郵局,臺中116支,24.2528665,120.5676569,206098.82,2683095.868
434717,龍井新庄郵局,臺中117支,24.1824853,120.5844638,207782.2641,2675295.805
434718,龍井茄投郵局,臺中118支,24.1835389,120.5307706,202327.4454,2675429.748
433719,靜宜大學郵局,臺中119支,24.2258027,120.5771913,207057.8971,2680095.513
436720,清水南社郵局,臺中120支,24.2719207,120.5581619,205141.349,2685209.202
436721,清水田寮郵局,臺中121支,24.281494,120.575188,206873.2175,2686264.101
435723,梧棲大庄郵局,臺中123支,24.248484,120.538333,203119.5511,2682620.035
432724,大肚郵局,臺中124支,24.1515062,120.5454949,203811.8976,2671877.126
432725,大肚追分郵局,臺中125支,24.1251136,120.5618809,205467.9712,2668948.803
432726,大肚蔗廍郵局,臺中126支,24.1704254,120.5796019,207284.2841,2673961.627
434727,龍井龍津郵局,臺中127支,24.2025999,120.5235364,201599.6517,2677543.287
730025,新營郵局,臺南65支,23.305135,120.31791,180234.4135,2578236.569
730008,新營新進路郵局,臺南66支,23.301485,120.3153566,179971.327,2577833.591
730007,新營民治路郵局,臺南67支,23.310772,120.317651,180210.8633,2578860.951
736005,柳營郵局,臺南68支,23.2740006,120.3130949,179725.5546,2574790.996
730009,新營民生郵局,臺南69支,23.305373,120.3083768,179259.4312,2578267.551
731022,後壁郵局,臺南70支,23.365444,120.3626295,184837.9829,2584894.493
731024,後壁菁寮郵局,臺南71支,23.3788148,120.3347765,181997.1459,2586388.058
737007,鹽水郵局,臺南72支,23.3200184,120.2670826,175043.8361,2579910.21
730022,新營太子宮郵局,臺南73支,23.2947182,120.2789962,176248.3452,2577102.262
731027,後壁安溪寮郵局,臺南74支,23.3270512,120.3421869,182728.6118,2580652.135
737008,鹽水茄苳腳郵局,臺南75支,23.3109258,120.2751816,175867.1173,2578899.092
735001,下營郵局,臺南76支,23.2359669,120.265514,174836.2497,2570602.896
734043,六甲郵局,臺南77支,23.2271475,120.3517414,183656.265,2569584.215
732002,白河郵局,臺南78支,23.351609,120.416252,190314.0643,2583339.208
733014,東山郵局,臺南79支,23.322739,120.4024519,188889.8143,2580147.857
732009,白河內角郵局,臺南80支,23.3984579,120.439064,192666.7066,2588518.107
732010,白河仙草埔郵局,臺南81支,23.343017,120.477281,196550.7257,2582363.838
733015,東山東原郵局,臺南82支,23.2654859,120.444429,193158.522,2573790.507
736004,柳營重溪郵局,臺南83支,23.2875539,120.366169,185162.0707,2576267.18
735003,下營中營郵局,臺南84支,23.218466,120.2777684,176080.717,2568658.518
712001,新化郵局,臺南85支,23.0322778,120.3088009,179159.2602,2548024.534
743001,山上郵局,臺南86支,23.101435,120.3594043,184379.2904,2555659.328
713001,左鎮郵局,臺南87支,23.0773685,120.3290863,181261.2692,2553008.164
712003,新化中山路郵局,臺南88支,23.0359927,120.3067589,178951.9169,2548436.908
714005,玉井郵局,臺南89支,23.1227006,120.4595136,194643.1398,2557972.763
715002,楠西郵局,臺南90支,23.1773067,120.486046,197381.9776,2564009.921
715004,曾文水庫郵局,臺南91支,23.2210752,120.4983124,198654.5389,2568852.406
716002,南化郵局,臺南92支,23.043013,120.4759482,196294.7672,2549142.231
722001,佳里郵局,臺南93支,23.1636404,120.1781039,165845.4536,2562641.132
725036,將軍郵局,臺南94支,23.1993838,120.1571757,163725.4164,2566611.739
723023,西港郵局,臺南95支,23.1234578,120.2030749,168378.0411,2558177.005
724032,七股郵局,臺南96支,23.1453614,120.144496,162392.2558,2560636.665
722013,佳里佳里興郵局,臺南97支,23.1892699,120.1881488,166889.8356,2565473.655
722002,佳里中山路郵局,臺南98支,23.1574633,120.1771789,165746.8736,2561957.596
727008,北門郵局,臺南99支,23.2676249,120.1247209,160448.5943,2574188.736
726001,學甲郵局,臺南100支,23.235039,120.180887,166174.9636,2570546.464
721001,麻豆郵局,臺南101支,23.185958,120.240795,172277.6022,2565077.789
721012,麻豆總爺郵局,臺南102支,23.1846883,120.2548862,173719.5033,2564929.723
721001,麻豆新生郵局,臺南103支,23.185958,120.240795,172277.6022,2565077.789
741005,善化郵局,臺南104支,23.1268554,120.2941051,177703.6261,2558505.234
742002,大內郵局,臺南105支,23.118571,120.360228,184471.9873,2557556.586
741012,善化成功郵局,臺南106支,23.127516,120.3170029,180049.1952,2558567.224
744008,新市大營郵局,臺南107支,23.092444,120.308908,179201.7204,2554687.253
741011,善化溪美郵局,臺南108支,23.1529669,120.288449,177138.4316,2561399.658
745001,安定郵局,臺南109支,23.1228326,120.232521,171393.7073,2558091.599
744001,新市郵局,臺南110支,23.0757574,120.2934028,177604.3135,2552846.979
720001,官田隆田郵局,臺南111支,23.1934916,120.3150123,179879.6725,2565874.364
720008,官田工業區郵局,臺南112支,23.2100647,120.3230737,180713.466,2567705.825
744094,新市南科園區郵局,臺南113支,23.105762,120.2800909,176256.7437,2556176.353
741002,善化中山路郵局,臺南114支,23.1321277,120.2920909,177500.1622,2559090.092
880001,馬公中正路郵局,澎湖901支,23.5671466,119.5657154,103579.1843,2607820.045
880009,馬公東文郵局,澎湖1支,23.5633908,119.5829359,105333.2943,2607386.541
881002,西嶼郵局,澎湖2支,23.5996211,119.5109469,98024.63415,2611474.19
882001,望安郵局,澎湖3支,23.3593329,119.5075624,97402.87137,2584862.144
883001,七美郵局,澎湖4支,23.2054321,119.4259788,88874.63598,2567903.737
884002,白沙郵局,澎湖5支,23.6675224,119.6006196,107251.7266,2618902.852
880008,馬公中華路郵局,澎湖6支,23.5709371,119.5726631,104292.7332,2608232.813
885001,湖西郵局,澎湖7支,23.5843473,119.6569837,112915.5012,2609634.91
880025,馬公鎖港郵局,澎湖8支,23.5221605,119.6023802,107274.1106,2602800.243
885001,湖西隘門郵局,澎湖9支,23.5628452,119.6361941,110770.5147,2607273.345
950004,臺東大同路郵局,臺東901支,22.7527597,121.1539659,265812.0087,2516914.123
952001,蘭嶼郵局,臺東1支,22.0250514,121.5542323,307216.085,2436434.552
950237,臺東新生郵局,臺東2支,22.7641442,121.1355651,263921.1246,2518172.88
951001,綠島郵局,臺東3支,22.6684157,121.4687571,298170.3125,2507642.531
950214,臺東中山路郵局,臺東4支,22.7532278,121.1484043,265240.79,2516965.373
950215,臺東博愛路郵局,臺東5支,22.7597022,121.1514164,265549.3936,2517682.595
950251,臺東卑南郵局,臺東6支,22.7766826,121.1275717,263099.0882,2519560.527
959001,東河都蘭郵局,臺東7支,22.8747597,121.2288392,273480.4594,2530433.236
953004,延平郵局,臺東8支,22.9024734,121.0850657,258726.5336,2533486.306
950101,臺東知本郵局,臺東9支,22.7079842,121.0411698,254229.4343,2511948.539
955002,鹿野郵局,臺東10支,22.9106862,121.1360097,263951.8304,2534399.648
950261,臺東豐田郵局,臺東11支,22.7744089,121.0894525,259185.1504,2519305.891
954002,卑南初鹿郵局,臺東12支,22.8571794,121.092706,259513.4756,2528471.313
963004,太麻里郵局,臺東13支,22.6118361,121.0062135,250638.7668,2501301.658
963005,金峰金崙郵局,臺東14支,22.5540555,120.9532123,245188.0747,2494904.518
950234,臺東馬蘭郵局,臺東16支,22.7615759,121.144189,264806.9876,2517889.329
950239,臺東豐榮郵局,臺東17支,22.7446103,121.1382029,264194.0175,2516010.147
956001,關山郵局,臺東18支,23.047852,121.1607539,266473.4498,2549590.981
957005,海端郵局,臺東19支,23.102057,121.176541,268084.0067,2555595.2
958004,池上郵局,臺東20支,23.1243395,121.2180182,272329.0578,2558068.395
961006,成功郵局,臺東21支,23.1006253,121.3782277,288744.3813,2555475.905
962001,長濱郵局,臺東22支,23.317528,121.454713,296504.2607,2579517.684
959101,東河泰源郵局,臺東23支,22.9983796,121.2869624,279417.6081,2544132.476
965004,大武郵局,臺東24支,22.3576996,120.9052262,240239.1596,2473165.249
966002,達仁郵局,臺東25支,22.2948191,120.8826006,237903.5069,2466204.523
955003,鹿野瑞源郵局,臺東26支,22.957126,121.15821,266223.6005,2539544.31
950260,臺東東方大鎮郵局,臺東27支,22.7689467,121.1239159,262724.4266,2518703.612
320003,中壢郵局,桃園44支,24.958246,121.2263,272850.4731,2761171.869
320042,中壢普仁郵局,桃園45支,24.9541359,121.2373641,273968.4621,2760718.535
320027,中壢內壢郵局,桃園46支,24.9744395,121.2557269,275818.4653,2762970.768
320316,中壢龍東路郵局,桃園47支,24.9383822,121.261598,276418.9143,2758978.123
320054,中壢龍岡郵局,桃園48支,24.9256487,121.2435967,274603.4743,2757564.362
328010,觀音新坡郵局,桃園49支,25.0111717,121.1374929,263877.2861,2767022.002
324006,平鎮廣明郵局,桃園50支,24.9537625,121.2137042,271579.3992,2760673.209
320031,中壢自立郵局,桃園51支,24.9639446,121.2541765,275664.1114,2761808.038
324005,平鎮郵局,桃園52支,24.9457833,121.2093824,271144.354,2759788.741
320317,中央大學郵局,桃園53支,24.9679966,121.1922029,269406.0058,2762246.556
328003,觀音郵局,桃園54支,25.0351555,121.0845159,258528.6075,2769674.121
320028,中壢忠義郵局,桃園55支,24.964728,121.235627,273791.0173,2761891.43
320314,中原大學郵局,桃園56支,24.957537,121.2410215,274337.1104,2761095.897
320007,中壢興國郵局,桃園57支,24.9629329,121.2193964,272152.5461,2761689.855
324032,平鎮山仔頂郵局,桃園58支,24.8973573,121.210974,271313.4036,2754425.271
320037,中壢華勛郵局,桃園59支,24.9662973,121.2629982,276554.3345,2762070.324
320060,中壢東興郵局,桃園60支,24.936059,121.233891,273621.2026,2758715.7
324030,平鎮北勢郵局,桃園61支,24.9419719,121.223201,272540.5149,2759368.806
320052,中壢仁美郵局,桃園62支,24.9354866,121.2554973,275803.4019,2758656.229
320023,中壢南園郵局,桃園63支,24.9718509,121.2382125,274050.6889,2762680.832
320070,中壢頂壢郵局,桃園64支,24.969278,121.2611139,276363.445,2762400.105
320006,中壢志廣郵局,桃園65支,24.9614119,121.2116209,271367.7109,2761520.14
324030,平鎮金陵郵局,桃園66支,24.924762,121.228093,273037.7466,2757463.434
327004,新屋永安郵局,桃園67支,24.9878328,121.041381,254177.4094,2764430.541
328454,觀音工業區郵局,桃園68支,25.0521089,121.11805,261910.9413,2771554.456
327008,新屋郵局,桃園69支,24.9724925,121.1044676,260547.3094,2762734.848
320029,中壢環北郵局,桃園70支,24.9659039,121.2261759,272836.5291,2762020.051
324010,平鎮高雙郵局,桃園71支,24.954506,121.1894501,269130.1503,2760751.925
320012,中壢大崙郵局,桃園72支,24.9883859,121.180387,268209.9937,2764503.275
324016,平鎮南勢郵局,桃園73支,24.9172576,121.2091349,271124.2217,2756629.159
325012,龍潭郵局,桃園74支,24.866656,121.216914,271918.9037,2751025.721
325007,龍潭大平郵局,桃園75支,24.8256048,121.2370153,273958.0268,2746482.267
325006,龍潭石門水庫郵局,桃園76支,24.8346544,121.2411026,274369.4104,2747485.324
325018,桃園客家文化館郵局,桃園77支,24.8454699,121.234544,273704.4384,2748682.094
325015,龍潭中興郵局,桃園78支,24.8742607,121.2341237,273656.4821,2751870.899
325025,龍潭烏林郵局,桃園80支,24.883338,121.212113,271430.8895,2752872.662
325207,龍潭核研所郵局,桃園81支,24.8576942,121.2517986,275445.7992,2750039.171
325027,龍潭南龍郵局,桃園82支,24.8638923,121.2122228,271445.3388,2750718.866
325021,龍潭高原郵局,桃園83支,24.846277,121.198758,270087.5477,2748765.742
326102,楊梅郵局,桃園84支,24.910588,121.147638,264913.3564,2755882.281
326021,楊梅大同郵局,桃園85支,24.9129348,121.1624919,266413.4853,2756143.925
326019,楊梅富岡郵局,桃園86支,24.935077,121.0816629,258247.3808,2758589.084
326010,楊梅埔心里郵局,桃園87支,24.9186683,121.1842392,268609.3482,2756781.773
326013,楊梅幼工郵局,桃園88支,24.9250469,121.1739248,267566.6214,2757486.901
328007,觀音草漯郵局,桃園89支,25.045214,121.141104,264237.8297,2770792.985
326017,楊梅高榮郵局,桃園90支,24.956359,121.1674218,266905.5357,2760954.243
326103,楊梅光華郵局,桃園91支,24.9161571,121.1457717,264724.1745,2756498.916
326020,楊梅秀才郵局,桃園92支,24.9011138,121.1408571,264229.4829,2754832.187
326104,楊梅瑞塘郵局,桃園93支,24.9098027,121.1765485,267833.8109,2755798.781
360009,苗栗中苗郵局,苗栗901支,24.5584337,120.8208391,231851.3837,2716882.12
362001,頭屋郵局,苗栗2支,24.576325,120.854271,235240.0645,2718859.692
360003,苗栗北苗郵局,苗栗3支,24.566789,120.823911,232163.7435,2717807.116
360012,苗栗南苗郵局,苗栗4支,24.550191,120.81619,231379.2217,2715969.815
368001,西湖郵局,苗栗5支,24.5594124,120.7591242,225599.9644,2717000.041
360008,苗栗文山郵局,苗栗6支,24.5641377,120.811838,230940.4517,2717515.085
360013,苗栗福星郵局,苗栗7支,24.5855305,120.8249743,232274.0838,2719882.71
360001,苗栗嘉盛郵局,苗栗8支,24.5745101,120.829464,232727.2727,2718661.565
363011,公館郵局,苗栗9支,24.501597,120.828014,232570.3422,2710586.235
363003,公館鶴岡郵局,苗栗10支,24.5315728,120.8320426,232982.6537,2713905.701
366006,銅鑼郵局,苗栗11支,24.4882583,120.7871053,228422.2253,2709114.684
360006,苗栗府前郵局,苗栗12支,24.5628643,120.8183695,231601.8645,2717373.161
356011,後龍郵局,苗栗13支,24.6142729,120.7860759,228339.5433,2723071.678
357006,通霄郵局,苗栗14支,24.490847,120.680135,217580.9363,2709422.29
357001,通霄白沙屯郵局,苗栗15支,24.5643128,120.7089839,220522.0138,2717552.59
364020,大湖郵局,苗栗16支,24.4222829,120.8680209,236616.4068,2701797.416
354009,獅潭郵局,苗栗17支,24.5279009,120.9359987,243515.2421,2713490.168
365008,泰安郵局,苗栗18支,24.446263,120.9055606,240425.0055,2704450.188
367005,三義郵局,苗栗19支,24.414283,120.772563,226934.8352,2700923.95
358011,苑裡郵局,苗栗20支,24.4418611,120.6534707,214864.8362,2704003.359
358006,苑裡山腳郵局,苗栗21支,24.4159249,120.6848254,218037.427,2701123.213
358008,苑裡社苓郵局,苗栗22支,24.4021918,120.6754455,217082.6229,2699604.408
350001,竹南郵局,苗栗23支,24.6859027,120.878531,237707.9271,2730993.753
361029,造橋郵局,苗栗24支,24.6405992,120.866102,236445.2781,2725977.243
350002,竹南中港郵局,苗栗25支,24.6833064,120.8668533,236525.9202,2730707.29
350401,竹南科學園郵局,苗栗26支,24.7070693,120.9232159,242231.1369,2733334.842
361031,造橋大西郵局,苗栗27支,24.6228491,120.8908641,238950.429,2724009.087
350001,竹南照南郵局,苗栗28支,24.691583,120.879794,237836.288,2731622.775
351026,頭份郵局,苗栗29支,24.6831107,120.9039374,240278.7167,2730682.48
351007,頭份斗煥郵局,苗栗30支,24.681548,120.944878,244421.7297,2730507.117
352020,三灣郵局,苗栗31支,24.656626,120.958894,245839.3032,2727746.336
351010,頭份田寮郵局,苗栗32支,24.685191,120.886506,238514.8939,2730914.235
351006,頭份上公園郵局,苗栗33支,24.6883985,120.9142585,241323.5515,2731267.45
353005,南庄郵局,苗栗34支,24.6040369,121.0009205,250093.2108,2721921.137
351015,頭份尖山郵局,苗栗35支,24.6640349,120.8795712,237811.0651,2728571.644
351004,頭份蟠桃郵局,苗栗36支,24.6962415,120.9091844,240810.6625,2732136.45
369001,卓蘭郵局,苗栗37支,24.3133584,120.8243115,232168.7009,2689738.64
640010,斗六西平路郵局,雲林901支,23.7083231,120.538543,202945.0701,2622797.545
647008,莿桐郵局,雲林1支,23.7564316,120.499537,198986.2786,2628138.802
640109,斗六大崙郵局,雲林2支,23.679119,120.538531,202933.3786,2619563.335
640153,斗六石榴郵局,雲林3支,23.7218041,120.5890037,208094.9362,2624274.746
640008,斗六鎮北郵局,雲林4支,23.712992,120.539621,203056.6665,2623314.249
640005,斗六永安郵局,雲林5支,23.710611,120.54769,203878.6105,2623047.928
647005,莿桐饒平郵局,雲林6支,23.7746039,120.5273152,201824.5314,2630141.63
643002,林內郵局,雲林7支,23.7563958,120.6134114,210593.9705,2628098.639
646005,古坑郵局,雲林8支,23.6445767,120.5620471,205320.1542,2615730.405
646003,古坑東和郵局,雲林9支,23.684127,120.5687307,206015.2553,2620108.307
646009,古坑草嶺郵局,雲林10支,23.5837402,120.6934891,218715.5029,2608958.266
630042,斗南郵局,雲林11支,23.675217,120.479174,196877.6935,2619152.049
631046,大埤郵局,雲林12支,23.6456065,120.4318845,192041.1885,2615891.211
630048,斗南石龜郵局,雲林13支,23.641334,120.48282,197235.9867,2615398.312
630051,斗南新光郵局,雲林14支,23.6894309,120.4814408,197114.6256,2620725.334
648004,西螺郵局,雲林15支,23.7998271,120.4605836,195033.8063,2632959.252
648104,西螺埔心郵局,雲林16支,23.7982037,120.4414655,193084.9354,2632786.997
632003,虎尾郵局,雲林17支,23.7089816,120.433323,192215.8241,2622909.18
632002,虎尾圓環郵局,雲林18支,23.7098031,120.4378246,192675.2222,2622998.34
649001,二崙郵局,雲林20支,23.771285,120.414988,190374.5204,2629816.671
649105,二崙油車郵局,雲林21支,23.7953728,120.3845463,187283.3249,2632497.458
632301,虎尾科技大學郵局,雲林22支,23.7031081,120.4301509,191889.756,2622259.999
633101,土庫郵局,雲林23支,23.6760081,120.3948758,188279.7607,2619273.587
633102,土庫馬光郵局,雲林24支,23.7052015,120.3531574,184039.1983,2622525.353
637001,崙背郵局,雲林25支,23.7595297,120.3526952,184019.4234,2628542.312
638001,麥寮郵局,雲林26支,23.7473704,120.2560128,174157.0711,2627243.882
636001,臺西郵局,雲林27支,23.700203,120.1986813,168282.9852,2622051.809
634001,褒忠郵局,雲林28支,23.693262,120.311675,179802.5732,2621222.89
635001,東勢厝郵局,雲林29支,23.675917,120.252614,173769.0672,2619332.275
638501,麥寮工業區郵局,雲林30支,23.787653,120.191616,167617.4713,2631741.049
638401,麥寮橋頭郵局,雲林31支,23.796296,120.2775185,176377.0108,2632651.085
651004,北港郵局,雲林32支,23.5706262,120.3024542,178795.8922,2607645.856
651003,北港南陽郵局,雲林33支,23.5643148,120.3040828,178958.7475,2606946.082
651001,北港北辰郵局,雲林34支,23.5735217,120.3016862,178719.0566,2607966.905
652006,水林郵局,雲林35支,23.5725751,120.2461867,173053.1332,2607890.785
653001,口湖郵局,雲林36支,23.5857745,120.1829302,166604.1619,2609388.005
653002,口湖椬梧郵局,雲林37支,23.546361,120.19127,167430.7845,2605018.187
654011,四湖郵局,雲林38支,23.6365653,120.225712,171001.4058,2614988.743
655011,元長郵局,雲林39支,23.6495472,120.3139039,180006.6137,2616380.475
220013,板橋文化路郵局,板橋901支,25.0187829,121.4652441,296954.9291,2767938.619
220093,板橋大觀路郵局,板橋1支,25.0076672,121.4481827,295237.0503,2766701.593
236033,土城郵局,板橋2支,24.9766509,121.441752,294599.1542,2763263.978
220068,板橋後埔郵局,板橋3支,25.0028994,121.4643138,296867.0649,2766178.972
220089,板橋埔墘郵局,板橋4支,25.016309,121.474591,297899.2421,2767667.871
220005,板橋莒光郵局,板橋6支,25.0230598,121.4742608,297863.2976,2768415.504
220052,板橋站前郵局,板橋7支,25.00985,121.460103,296439.4143,2766947.4
220071,板橋民族路郵局,板橋8支,25.0069346,121.4705113,297491.0878,2766628.085
220048,板橋中正路郵局,板橋9支,25.013057,121.456121,296036.2994,2767301.263
236043,土城工業區郵局,板橋10支,24.963093,121.4207861,292487.0735,2761755.532
220054,板橋南雅郵局,板橋12支,25.007164,121.456779,296104.9123,2766648.753
236013,土城清水郵局,板橋13支,24.9809054,121.4589377,296332.6471,2763740.981
220062,板橋國慶郵局,板橋14支,24.99595,121.4613192,296567.4099,2765408.196
220811,板橋新海郵局,板橋15支,25.027279,121.459042,296325.782,2768877.55
220608,板橋八甲郵局,板橋16支,24.9940004,121.4512724,295553.9506,2765188.837
220081,板橋光復橋郵局,板橋17支,25.0213634,121.483699,298816.5041,2768230.971
220075,板橋海山郵局,板橋18支,25.0122805,121.469499,297386.8584,2767219.866
220519,板橋港尾郵局,板橋19支,25.0221832,121.4545871,295878.0889,2768311.6
236027,土城貨饒郵局,板橋20支,24.9850279,121.4446039,294884.0442,2764192.785
220021,板橋江翠郵局,板橋21支,25.0316099,121.4750921,297943.873,2769362.847
220042,板橋漢生郵局,板橋23支,25.0186794,121.4619118,296618.6499,2767926.004
220756,板橋三民路郵局,板橋24支,25.0207696,121.4790749,298350.0502,2768163.54
220099,板橋浮洲郵局,板橋26支,24.9984599,121.441881,294604.3083,2765679.667
236202,土城青雲郵局,板橋27支,24.9845236,121.4583349,296270.4358,2764141.541
236620,土城平和郵局,板橋28支,24.9889969,121.4696499,297411.0235,2764640.929
236671,土城學府郵局,板橋29支,24.9833988,121.4487197,295300.1484,2764013.708
220242,新北市政府郵局,板橋30支,25.0122763,121.4655369,296986.9568,2767218.021
220101,板橋溪崑郵局,板橋31支,24.986145,121.429478,293356.6304,2764311.599
237006,三峽郵局,板橋32支,24.9363376,121.3744761,287819.2443,2758778.339
237007,三峽大埔郵局,板橋33支,24.9115689,121.3661398,286984.7218,2756032.61
237011,三峽中山郵局,板橋34支,24.9341518,121.3696159,287329.055,2758534.891
237008,三峽橫溪郵局,板橋35支,24.9373179,121.395544,289946.6476,2758892.947
237303,臺北大學郵局,板橋36支,24.9455821,121.3717858,287544.7401,2759801.536
239001,鶯歌郵局,板橋37支,24.9538909,121.352305,285575.0705,2760716.596
239014,鶯歌鳳鳴郵局,板橋38支,24.9731889,121.3249663,282809.3254,2762847.205
239016,鶯歌二橋郵局,板橋39支,24.9380422,121.332294,283558.6776,2758956.066
239011,鶯歌永昌郵局,板橋40支,24.9545652,121.337899,284120.1837,2760787.586
231008,新店郵局,板橋41支,24.9770202,121.5426091,304781.6732,2763341.818
231052,新店頂城郵局,板橋42支,24.9631807,121.514159,301915.1144,2761797.711
231073,新店龜山郵局,板橋43支,24.9093032,121.5513663,305696.2559,2755844.757
231042,新店五城郵局,板橋44支,24.9450072,121.4793745,298409.9415,2759771.896
231007,新店大坪林郵局,板橋45支,24.9816037,121.5418017,304698.1294,2763849.183
231041,新店青潭郵局,板橋46支,24.953348,121.557597,306305.6487,2760725.909
231068,新店公崙郵局,板橋47支,24.9591269,121.509631,301459.5957,2761346.972
231031,新店檳榔路郵局,板橋48支,24.97129,121.5425872,304782,2762707.106
231036,新店復興郵局,板橋49支,24.9868983,121.5391621,304429.3098,2764434.576
231015,新店中央郵局,板橋50支,24.9727489,121.5293392,303443.7681,2762863.418
232001,坪林郵局,板橋51支,24.9350748,121.7099775,321703.93,2758773.664
231031,新店中正郵局,板橋52支,24.9734308,121.538877,304406.4531,2762942.738
231706,新店寶橋郵局,板橋53支,24.9798255,121.5489124,305416.8082,2763655.107
231679,新店十四份郵局,板橋54支,24.9719878,121.5174096,302239.6177,2762774.47
233001,烏來郵局,板橋55支,24.8607766,121.5518346,305765.3468,2750469.976
231057,新店永安郵局,板橋56支,24.9829201,121.5178687,302281.3493,2763985.556
231059,新店雙城郵局,板橋57支,24.9525721,121.4929086,299773.6722,2760614.703
231039,新店碧潭郵局,板橋58支,24.9571246,121.5384331,304368.7989,2761136.413
231239,新店屈尺郵局,板橋59支,24.9228683,121.5469836,305247.4856,2757345.492
231613,新店水尾郵局,板橋60支,24.983173,121.5336392,303873.3767,2764019.739
231022,新店五峰郵局,板橋61支,24.9696309,121.5449046,305016.7173,2762524.274
231209,新店中華路郵局,板橋62支,24.970098,121.5390246,304422.8216,2762573.641
231043,新店玫瑰城郵局,板橋63支,24.9468579,121.496702,300159.0486,2759983.172
234016,永和郵局,板橋64支,25.0123193,121.5153436,302014.0463,2767240.978
234028,永和福和郵局,板橋65支,25.0079588,121.521708,302658.2812,2766760.446
234014,永和永貞郵局,板橋66支,25.0056549,121.5138262,301863.69,2766502.216
234622,永和中正路郵局,板橋67支,24.9972699,121.5153309,302019.102,2765574.03
234035,永和秀朗郵局,板橋68支,25.0026262,121.5259083,303084.5354,2766171.42
234017,永和中山路郵局,板橋69支,25.0076109,121.50779,301253.5965,2766716.575
235017,中和郵局,板橋71支,25.0012847,121.4823308,298686.3346,2766006.471
235070,中和泰和街郵局,板橋72支,25.001185,121.499895,300459.3294,2766001.851
235026,中和中山路郵局,板橋73支,25.0028796,121.4925821,299720.4724,2766186.85
235056,中和南勢角郵局,板橋74支,24.9880952,121.5131661,301804.4223,2764556.969
235038,中和連城路郵局,板橋75支,24.996853,121.4923196,299696.3997,2765519.221
235603,中和中正路郵局,板橋76支,24.9936008,121.4952275,299991.2533,2765160.062
235081,中和秀山郵局,板橋77支,24.9931821,121.5225587,302750.4566,2765124.039
235601,中和民富街郵局,板橋78支,25.0065149,121.4764942,298095.1446,2766583.707
235071,中和宜安郵局,板橋79支,24.9976629,121.51042,301523.2081,2765615.685
235012,中和國光街郵局,板橋80支,25.001185,121.468588,297299.1581,2765990.562
235046,中和大華郵局,板橋81支,24.9922704,121.4997666,300450.0081,2765014.382
238001,樹林郵局,板橋82支,24.9945099,121.425042,292905.8985,2765236.716
238037,樹林山佳郵局,板橋83支,24.9556057,121.3884702,289226.453,2760916.492
238027,樹林迴龍郵局,板橋84支,25.0177037,121.4092711,291306.1286,2767800.85
238005,樹林鎮前街郵局,板橋85支,24.9923799,121.425854,292988.6078,2765001.046
238008,樹林育英街郵局,板橋86支,24.989253,121.4215951,292559.7571,2764653.356
238014,樹林柑園郵局,板橋87支,24.9449072,121.3967662,290067.6262,2759733.918
238007,樹林樹新路郵局,板橋88支,25.0007532,121.4310501,293510.1955,2765930.162
238021,樹林大同郵局,板橋90支,24.9803861,121.4171085,292109.8524,2763669.827
238035,樹林三多郵局,板橋91支,25.0164435,121.4047533,290850.5768,2767659.895
235058,中和興南郵局,板橋92支,24.9864374,121.5066392,301146.2025,2764370.867
540018,南投三和郵局,南投901支,23.9043817,120.6886233,218296.5676,2644468.645
541016,中寮郵局,南投1支,23.8783012,120.7685384,226428.5905,2641564.71
540028,南投南崗郵局,南投3支,23.929931,120.665704,215969.6697,2647303.487
541014,中寮龍安郵局,南投4支,23.9417331,120.778063,227409.5815,2648588.012
540019,南投民族路郵局,南投5支,23.910151,120.691715,218612.7505,2645106.888
540018,南投中山街郵局,南投6支,23.9105181,120.683924,217819.6152,2645149.294
540003,南投中興郵局,南投7支,23.949518,120.694397,218895.2456,2649466.079
540003,南投光明里郵局,南投8支,23.9394321,120.697178,219175.9059,2648348.482
552001,集集郵局,南投9支,23.8286299,120.7860226,228200.8311,2636061.033
542001,草屯郵局,南投10支,23.9791396,120.686267,218075.052,2652748.42
542016,草屯大觀郵局,南投11支,23.9856953,120.6844614,217892.941,2653474.861
542006,草屯碧山郵局,南投12支,23.978166,120.6809562,217534.3861,2652641.809
553008,水里郵局,南投13支,23.8173026,120.8542686,235152.1867,2634797.776
553007,水里北埔郵局,南投14支,23.8106351,120.8556158,235288.6948,2634059.245
556001,信義郵局,南投15支,23.6970386,120.8540235,235113.5446,2621479.297
556003,信義和社郵局,南投16支,23.591089,120.88958,238730.4759,2609742.948
551001,名間郵局,南投17支,23.836643,120.701965,219639.1963,2636963.908
551004,名間松嶺郵局,南投18支,23.8344921,120.6357398,212892.172,2636741.462
551006,名間新街郵局,南投19支,23.8777542,120.6931799,218754.1143,2641518.725
551011,名間大庄郵局,南投20支,23.8738465,120.654802,214844.7076,2641094.962
542023,草屯南埔郵局,南投21支,23.9794151,120.7203694,221545.3357,2652771.629
557004,竹山郵局,南投22支,23.7568571,120.682149,217600.7498,2628132.373
558003,鹿谷郵局,南投23支,23.747306,120.753065,224827.572,2627060.291
557019,竹山後埔郵局,南投24支,23.813863,120.733057,222801.8046,2634434.816
557022,竹山東埔蚋郵局,南投25支,23.7604772,120.6885042,218249.4318,2628531.847
557013,竹山延和郵局,南投26支,23.7600398,120.6906999,218473.1342,2628482.919
558006,鹿谷清水郵局,南投27支,23.7919214,120.7833063,227917.8973,2631996.172
545003,埔里郵局,南投28支,23.9677473,120.9622045,246153.6674,2651451.753
546001,仁愛霧社郵局,南投29支,24.0230475,121.132403,263468.5009,2657581.909
545015,埔里北平街郵局,南投30支,23.966331,120.967548,246697.4231,2651294.767
545011,埔里崎下郵局,南投31支,23.971218,120.948561,244765.3501,2651836.561
546010,仁愛萬大郵局,南投32支,23.9733569,121.128333,263059.4988,2652078.425
545019,埔里大坪頂郵局,南投33支,24.0373198,120.9251449,242386.3188,2659158.222
545016,埔里第三市場郵局,南投34支,23.9632409,120.9670167,246643.2737,2650952.562
545014,埔里中心碑郵局,南投35支,23.9716503,120.9768129,247640.3908,2651883.676
545003,埔里南光郵局,南投36支,23.9620284,120.9708773,247036.1411,2650818.195
555007,魚池郵局,南投37支,23.8969567,120.9366457,243549.1093,2643612.895
555009,日月潭郵局,南投38支,23.8646394,120.910932,240928.6235,2640035.31
555006,魚池頭社郵局,南投39支,23.832502,120.895586,239363.0443,2636477.318
544008,國姓郵局,南投40支,24.038417,120.8544836,235199.3163,2659285.365
544005,國姓北山郵局,南投41支,23.9814759,120.87201,236976.2221,2652977.549
544002,國姓長流郵局,南投42支,24.0705981,120.8758598,237376.6705,2662847.276
241040,三重中山路郵局,三重901支,25.0612511,121.4877716,299211.61,2772650.606
241003,三重正義郵局,三重1支,25.0615734,121.4981644,300260.0321,2772690.128
241036,三重忠孝路郵局,三重2支,25.0716124,121.4923881,299673.2005,2773799.968
241552,三重二重埔郵局,三重3支,25.0526828,121.4719331,297616.94,2771695.869
241080,三重溪尾街郵局,三重4支,25.0789831,121.4893982,299368.6125,2774615.292
241507,三重中興橋郵局,三重5支,25.0504047,121.4887118,299310.8088,2771449.545
241567,三重中正路郵局,三重6支,25.0663748,121.4814774,298574.5537,2773215.859
241051,三重介壽路郵局,三重7支,25.069163,121.499178,300359.1933,2773531.17
241001,三重永興郵局,三重9支,25.0636031,121.5027486,300721.706,2772916.66
241077,三重五常郵局,三重10支,25.0810979,121.4968951,300124.022,2774852.299
244006,林口中正路郵局,三重11支,25.0782548,121.389663,289307.8279,2774501.907
244014,林口台師大郵局,三重12支,25.0680305,121.397945,290146.6287,2773371.851
244007,林口國宅郵局,三重13支,25.0703335,121.3766693,287999.5014,2773620.793
244020,林口中湖頭郵局,三重14支,25.0836369,121.3777993,288109.382,2775094.656
247010,蘆洲郵局,三重15支,25.0850205,121.4736895,297781.6117,2775278.382
247031,蘆洲空大郵局,三重16支,25.0874277,121.4676044,297166.869,2775542.879
247019,蘆洲中山路郵局,三重17支,25.0808089,121.478988,298317.7388,2774813.766
247028,蘆洲光華路郵局,三重18支,25.082664,121.467306,297138.5938,2775015.122
247023,蘆洲中原路郵局,三重19支,25.0827515,121.4594731,296348.4212,2775022.105
247003,蘆洲民族路郵局,三重20支,25.0906751,121.4760375,298016.2541,2775905.55
248001,五股郵局,三重21支,25.1015907,121.4516394,295551.2261,2777106.173
248012,五股褒仔寮郵局,三重22支,25.0722495,121.4694895,297362.8598,2773862.319
248013,五股中興路郵局,三重23支,25.083433,121.438384,294220.8285,2775090.525
249002,八里郵局,三重25支,25.144844,121.3978879,290115.7978,2781880.09
249007,八里龍形郵局,三重26支,25.1321149,121.4505883,295433.9269,2780486.855
251018,淡水郵局,三重27支,25.1718795,121.4375463,294104.5569,2784887.098
251301,淡江大學郵局,三重28支,25.176008,121.4496906,295327.1885,2785348.429
251033,淡水竹圍郵局,三重29支,25.1387185,121.4599488,296375.2879,2781221.495
251016,淡水水碓郵局,三重30支,25.1761607,121.44331,294683.9831,2785363.211
251002,淡水中興郵局,三重31支,25.1688216,121.4476273,295121.8578,2784551.724
251201,淡水崁頂郵局,三重32支,25.1870319,121.4438212,294731.5419,2786567.547
252006,三芝郵局,三重33支,25.25932,121.5026808,300633.9966,2794595.6
253001,石門郵局,三重34支,25.291967,121.5678567,307183.8562,2798238.062
251030,淡水紅樹林郵局,三重35支,25.1549042,121.4596679,296340.853,2783014.229
242008,新莊郵局,三重36支,25.035258,121.449682,295378.2383,2769758.17
242062,輔仁大學郵局,三重37支,25.0336491,121.433255,293721.1089,2769574.556
243094,泰山郵局,三重38支,25.0624077,121.4335865,293744.3559,2772760.098
243303,明志科大郵局,三重39支,25.0410187,121.4222651,292609.5247,2770387.341
242044,新莊中港郵局,三重40支,25.0439533,121.454377,295848.7929,2770722.884
242018,新莊昌盛郵局,三重41支,25.051302,121.4535186,295759.4473,2771536.571
242060,新莊丹鳳郵局,三重42支,25.0290081,121.4199181,292376.8191,2769056.259
242040,新莊化成路郵局,三重43支,25.0465679,121.465335,296953.5269,2771016.247
242023,新莊幸福郵局,三重44支,25.048932,121.449481,295352.9252,2771272.699
243089,泰山南林郵局,三重45支,25.0478793,121.4150769,291881.8459,2771145.008
248023,五股登林路郵局,三重46支,25.0695458,121.4306663,293447.2168,2773549.807
243086,泰山同榮郵局,三重47支,25.0541897,121.4302618,293411.8195,2771848.762
242065,新莊西盛郵局,三重48支,25.0132125,121.4327278,293675.1385,2767310.743
242056,新莊後港路郵局,三重49支,25.0260457,121.4255859,292949.8336,2768729.917
242033,新莊思源路郵局,三重50支,25.046026,121.459594,296374.4406,2770954.244
242006,新莊新泰路郵局,三重51支,25.0418194,121.4447835,294881.5273,2770483.308
242052,新莊龍鳳郵局,三重52支,25.0230262,121.4134001,291721.0579,2768391.656
248019,新莊五工郵局,三重53支,25.0642899,121.460038,296412.3633,2772977.396
243088,泰山貴子路郵局,三重54支,25.0414906,121.4251116,292896.5959,2770440.51
242080,新莊民安郵局,三重55支,25.0193196,121.4271705,293112.1017,2767985.41
244008,林口郵局,三重56支,25.0666707,121.3647266,286795.7705,2773211.783
242204,新莊副都心郵局,三重57支,25.0564646,121.4431721,294713.612,2772104.946
